-- phpMyAdmin SQL Dump
-- version 3.1.3.1
-- http://www.phpmyadmin.net
--
-- Host: localhost
-- Generation Time: Jan 09, 2011 at 05:37 AM
-- Server version: 5.1.33
-- PHP Version: 5.2.9-2

SET SQL_MODE="NO_AUTO_VALUE_ON_ZERO";


/*!40101 SET @OLD_CHARACTER_SET_CLIENT=@@CHARACTER_SET_CLIENT */;
/*!40101 SET @OLD_CHARACTER_SET_RESULTS=@@CHARACTER_SET_RESULTS */;
/*!40101 SET @OLD_COLLATION_CONNECTION=@@COLLATION_CONNECTION */;
/*!40101 SET NAMES utf8 */;

--
-- Database: `asmi_new`
--

-- --------------------------------------------------------

--
-- Table structure for table `capacity_master`
--

DROP TABLE IF EXISTS `capacity_master`;
CREATE TABLE IF NOT EXISTS `capacity_master` (
  `capacity_id` bigint(20) NOT NULL AUTO_INCREMENT,
  `capacity_name` varchar(255) NOT NULL DEFAULT '',
  PRIMARY KEY (`capacity_id`)
) ENGINE=MyISAM  DEFAULT CHARSET=latin1 AUTO_INCREMENT=126 ;

--
-- Dumping data for table `capacity_master`
--

INSERT INTO `capacity_master` (`capacity_id`, `capacity_name`) VALUES
(12, '250ML'),
(11, '200ML'),
(10, '2000ML'),
(9, '15ML'),
(8, '150ML'),
(6, '1000ML'),
(7, '100ML'),
(13, '25ML'),
(14, '3000ML'),
(15, '300ML'),
(16, '30ML'),
(17, '35ML'),
(18, '40ML'),
(19, '5000ML'),
(20, '500ML'),
(21, '50ML'),
(22, '80ML'),
(23, '125ML'),
(26, 'S-35'),
(25, 'S-19'),
(27, 'S-13'),
(28, 'S-29'),
(29, 'S-41'),
(30, '5MM'),
(31, '6MM'),
(32, '10MM'),
(33, '15MM'),
(34, '20MM'),
(35, '25MM'),
(36, '30MM'),
(37, '40MM'),
(38, '50MM'),
(39, '60MM'),
(40, '65MM'),
(41, '70MM'),
(121, '19 MM'),
(43, '80MM'),
(44, '90MM'),
(56, '35MM'),
(46, '47MM/300ML'),
(47, '47MM/1000ML'),
(48, '25MM/15ML'),
(49, '25MM/25ML'),
(50, '25MM/30ML'),
(51, '25MM/50ML'),
(52, '13MM/15ML'),
(53, '70MM/1000ML'),
(54, '.'),
(55, '47MM'),
(57, '47MM/500ML'),
(58, '12MM'),
(59, 'M-13'),
(60, 'M-26'),
(61, 'M-28'),
(62, 'M-38'),
(63, 'L-25'),
(64, 'L-50'),
(65, 'L-40'),
(66, 'L-42'),
(67, 'L-22'),
(68, 'L-28'),
(69, 'L-55'),
(70, 'M-8'),
(71, 'M-22'),
(72, 'M-10'),
(73, 'L-60'),
(74, 'M-130'),
(75, 'M-80'),
(76, 'M-70'),
(77, 'M-46'),
(78, 'M-32'),
(79, 'M-24'),
(80, 'M-18'),
(81, 'M-15'),
(82, 'M-14'),
(83, 'M-9'),
(84, 'M-7'),
(85, 'L-105'),
(86, 'L-150'),
(87, 'L-100'),
(88, 'L-48'),
(89, 'L-45'),
(90, 'L-44'),
(91, 'L-38'),
(92, 'L-30'),
(93, 'L-24'),
(94, 'L-20'),
(95, 'L-15'),
(96, 'L-13'),
(97, 'L-12'),
(98, 'L-130'),
(99, 'L-90'),
(100, 'L-80'),
(101, 'L-70'),
(102, 'L-65'),
(103, 'L-46'),
(104, 'L-36'),
(105, 'L-34'),
(106, 'L-32'),
(107, 'L-18'),
(108, 'L-10'),
(109, 'M-45'),
(110, 'M-34'),
(111, 'M-12'),
(112, 'M-16'),
(113, 'M-20'),
(114, '135 MM'),
(116, '150MM'),
(117, '2.5 ML'),
(118, '36MM'),
(119, '5ML'),
(120, '75 MM'),
(122, '5000 ML'),
(123, '100MM'),
(124, '2ML'),
(125, '120 MM');

-- --------------------------------------------------------

--
-- Table structure for table `category`
--

DROP TABLE IF EXISTS `category`;
CREATE TABLE IF NOT EXISTS `category` (
  `category_id` bigint(20) NOT NULL AUTO_INCREMENT,
  `category_name` varchar(255) DEFAULT NULL,
  `parentId` varchar(20) NOT NULL DEFAULT '',
  `capacity_id` varchar(20) NOT NULL,
  PRIMARY KEY (`category_id`)
) ENGINE=MyISAM  DEFAULT CHARSET=latin1 AUTO_INCREMENT=300 ;

--
-- Dumping data for table `category`
--

INSERT INTO `category` (`category_id`, `category_name`, `parentId`, `capacity_id`) VALUES
(27, 'G-5 (30ML)', '0', '16'),
(28, 'G-1 (35ML)', '0', '17'),
(26, 'G-4 (30ML)', '0', '16'),
(25, 'G-3 (30ML)', '0', '16'),
(24, 'G-2 (30ML)', '0', '16'),
(23, 'G-1 (30ML)', '0', '16'),
(30, 'G-3 (35ML)', '0', '17'),
(29, 'G-2 (35ML)', '0', '17'),
(31, 'G-4 (35ML)', '0', '17'),
(32, 'G-5 (35ML)', '0', '17'),
(33, 'G-1 (50ML)', '0', '21'),
(34, 'G-2 (50ML)', '0', '21'),
(35, 'G-4 (50ML)', '0', '21'),
(36, 'G-5 (50ML)', '0', '21'),
(37, 'G-1 (100ML)', '0', '7'),
(38, 'G-2 (100ML)', '0', '7'),
(39, 'G-3 (100ML)', '0', '7'),
(40, 'G-4 (100ML)', '0', '7'),
(41, 'G-5 (100ML)', '0', '7'),
(42, 'G-1 (150ML)', '0', '8'),
(43, 'G-2 (150ML)', '0', '8'),
(44, 'G-3 (150ML)', '0', '8'),
(45, 'G-4 (150ML)', '0', '8'),
(46, 'G-5 (150ML)', '0', '8'),
(47, 'G-1 (200ML)', '0', '11'),
(48, 'G-2 (200ML)', '0', '11'),
(49, 'G-3 (200ML)', '0', '11'),
(50, 'G-4 (200ML)', '0', '11'),
(51, 'G-5 (200ML)', '0', '11'),
(52, 'G-1 (250ML)', '0', '12'),
(53, 'G-2 (250ML)', '0', '12'),
(54, 'G-3 (300ML)', '0', '15'),
(55, 'G-3 (250ML)', '0', '12'),
(56, 'G-4 (250ML)', '0', '12'),
(57, 'G-5 (250ML)', '0', '12'),
(58, 'G-1 (300ML)', '0', '15'),
(59, 'G-2 (300ML)', '0', '15'),
(60, 'G-4 (300ML)', '0', '15'),
(61, 'G-5 (300ML)', '0', '15'),
(66, '.', '0', ''),
(63, 'B-40', '0', ''),
(64, 'B-29', '0', ''),
(65, 'RUBBER CORK', '0', ''),
(67, '1 NO(S)', '0', ''),
(68, '2 NO(S)', '0', ''),
(69, '3 NO(S)', '0', ''),
(70, '4 NO(S)', '0', ''),
(71, '17 NO(S)', '0', ''),
(72, '9 NO(S)', '0', ''),
(73, '5 NO(S)', '0', ''),
(74, '33 NO(S)', '0', ''),
(75, '6 NO(S)', '0', ''),
(76, '24 NO(S)', '0', ''),
(77, '10 NO(S)', '0', ''),
(78, '16 NO(S)', '0', ''),
(79, '334 NO(S)', '0', ''),
(80, '21 NO(S)', '0', ''),
(81, 'G-0 (20MM)', '0', '34'),
(82, '14 NO(S)', '0', ''),
(83, '22 NO(S)', '0', ''),
(86, '13 NO(S)', '0', ''),
(85, '23 NO(S)', '0', ''),
(87, 'G-0 (1000ML)', '0', '6'),
(88, 'G-1 (1000ML)', '0', '6'),
(89, 'G-2 (1000ML)', '0', '6'),
(90, 'G-3 (1000ML)', '0', '6'),
(91, 'G-4 (1000ML)', '0', '6'),
(92, 'G-5 (1000ML)', '0', '6'),
(93, 'G-0 (100ML)', '0', '7'),
(94, 'G-0 (150ML)', '0', '8'),
(95, 'G-0 (200ML)', '0', '11'),
(96, 'G-0 (250ML)', '0', '12'),
(97, 'G-0 (300ML)', '0', '15'),
(98, 'G-0 (30ML)', '0', '16'),
(99, 'G-0 (35ML)', '0', '17'),
(100, 'G-0 (50ML)', '0', '21'),
(101, 'G-1 (20MM)', '0', '34'),
(102, 'G-2 (20MM)', '0', '34'),
(103, 'G-3 (20MM)', '0', '34'),
(104, 'G-4 (20MM)', '0', '34'),
(105, 'G-5 (20MM)', '0', '34'),
(106, 'G-0 (10MM)', '0', '32'),
(107, 'G-1 (10MM)', '0', '32'),
(108, 'G-2 (10MM)', '0', '32'),
(109, 'G-3 (10MM)', '0', '32'),
(110, 'G-4 (10MM)', '0', '32'),
(111, 'G-5 (10MM)', '0', '32'),
(112, 'G-0 (125ML)', '0', '23'),
(113, 'G-1 (125ML)', '0', '23'),
(114, 'G-2 (125ML)', '0', '23'),
(115, 'G-3 (125ML)', '0', '23'),
(116, 'G-4 (125ML)', '0', '23'),
(117, 'G-5 (125ML)', '0', '23'),
(118, 'G-0 (12MM)', '0', '58'),
(119, 'G-1 (12MM)', '0', '58'),
(120, 'G-2 (12MM)', '0', '58'),
(121, 'G-3 (12MM)', '0', '58'),
(122, 'G-4 (12MM)', '0', '58'),
(123, 'G-5 (12MM)', '0', '58'),
(124, 'G-0 (15ML)', '0', '9'),
(125, 'G-1 (15ML)', '0', '9'),
(126, 'G-2 (15ML)', '0', '9'),
(127, 'G-3 (15ML)', '0', '9'),
(128, 'G-4 (15ML)', '0', '9'),
(129, 'G-5 (15ML)', '0', '9'),
(130, 'G-0 (15MM)', '0', '33'),
(131, 'G-1 (15MM)', '0', '33'),
(132, 'G-2 (15MM)', '0', '33'),
(133, 'G-3 (15MM)', '0', '33'),
(134, 'G-4 (15MM)', '0', '33'),
(135, 'G-5 (15MM)', '0', '33'),
(136, 'G-0 (2000ML)', '0', '10'),
(137, 'G-1 (2000ML)', '0', '10'),
(138, 'G-2 (2000ML)', '0', '10'),
(139, 'G-3 (2000ML)', '0', '10'),
(140, 'G-4 (2000ML)', '0', '10'),
(141, 'G-5 (2000ML)', '0', '10'),
(142, 'G-0 (25ML)', '0', '13'),
(143, 'G-1 (25ML)', '0', '13'),
(144, 'G-2 (25ML)', '0', '13'),
(145, 'G-3 (25ML)', '0', '13'),
(146, 'G-4 (25ML)', '0', '13'),
(147, 'G-5 (25ML)', '0', '13'),
(148, 'G-0 (25MM)', '0', '35'),
(149, 'G-1 (25MM)', '0', '35'),
(150, 'G-2 (25MM)', '0', '35'),
(151, 'G-3 (25MM)', '0', '35'),
(152, 'G-4 (25MM)', '0', '35'),
(153, 'G-5 (25MM)', '0', '35'),
(154, 'G-0 (3000ML)', '0', '14'),
(155, 'G-1 (3000ML)', '0', '14'),
(156, 'G-2 (3000ML)', '0', '14'),
(157, 'G-3 (3000ML)', '0', '14'),
(158, 'G-4 (3000ML)', '0', '14'),
(159, 'G-5 (3000ML)', '0', '14'),
(160, 'G-0 (30MM)', '0', '36'),
(161, 'G-1 (30MM)', '0', '36'),
(162, 'G-2 (30MM)', '0', '36'),
(163, 'G-3 (30MM)', '0', '36'),
(164, 'G-4 (30MM)', '0', '36'),
(165, 'G-5 (30MM)', '0', '36'),
(166, 'G-0 (35MM)', '0', '56'),
(167, 'G-1 (35MM)', '0', '56'),
(168, 'G-2 (35MM)', '0', '56'),
(169, 'G-3 (35MM)', '0', '56'),
(170, 'G-4 (35MM)', '0', '56'),
(171, 'G-5 (35MM)', '0', '56'),
(172, 'G-0 (40ML)', '0', '18'),
(173, 'G-1 (40ML)', '0', '18'),
(174, 'G-2 (40ML)', '0', '18'),
(175, 'G-3 (40ML)', '0', '18'),
(176, 'G-4 (40ML)', '0', '18'),
(177, 'G-5 (40ML)', '0', '18'),
(178, 'G-0 (40MM)', '0', '37'),
(179, 'G-1 (40MM)', '0', '37'),
(180, 'G-2 (40MM)', '0', '37'),
(181, 'G-3 (40MM)', '0', '37'),
(182, 'G-4 (40MM)', '0', '37'),
(183, 'G-5 (40MM)', '0', '37'),
(184, 'G-0 (47MM)', '0', '55'),
(185, 'G-1 (47MM)', '0', '55'),
(186, 'G-2 (47MM)', '0', '55'),
(187, 'G-3 (47MM)', '0', '55'),
(188, 'G-4 (47MM)', '0', '55'),
(189, 'G-5 (47MM)', '0', '55'),
(190, 'G-0 (5000ML)', '0', '19'),
(191, 'G-1 (5000ML)', '0', '19'),
(192, 'G-2 (5000ML)', '0', '19'),
(193, 'G-3 (5000ML)', '0', '19'),
(194, 'G-4 (5000ML)', '0', '19'),
(195, 'G-5 (5000ML)', '0', '19'),
(196, 'G-0 (500ML)', '0', '20'),
(197, 'G-1 (500ML)', '0', '20'),
(198, 'G-2 (500ML)', '0', '20'),
(199, 'G-3 (500ML)', '0', '20'),
(200, 'G-4 (500ML)', '0', '20'),
(201, 'G-5 (500ML)', '0', '20'),
(202, 'G-0 (50MM)', '0', '38'),
(203, 'G-1 (50MM)', '0', '38'),
(204, 'G-2 (50MM)', '0', '38'),
(205, 'G-3 (50MM)', '0', '38'),
(206, 'G-4 (50MM)', '0', '38'),
(207, 'G-5 (50MM)', '0', '38'),
(208, 'G-0 (5MM)', '0', '30'),
(209, 'G-1 (5MM)', '0', '30'),
(210, 'G-2 (5MM)', '0', '30'),
(211, 'G-3 (5MM)', '0', '30'),
(212, 'G-4 (5MM)', '0', '30'),
(213, 'G-5 (5MM)', '0', '30'),
(214, 'G-0 (60MM)', '0', '39'),
(215, 'G-1 (60MM)', '0', '39'),
(216, 'G-2 (60MM)', '0', '39'),
(217, 'G-3 (60MM)', '0', '39'),
(218, 'G-4 (60MM)', '0', '39'),
(219, 'G-5 (60MM)', '0', '39'),
(220, 'G-0 (65MM)', '0', '40'),
(221, 'G-1 (65MM)', '0', '40'),
(222, 'G-2 (65MM)', '0', '40'),
(223, 'G-3 (65MM)', '0', '40'),
(224, 'G-4 (65MM)', '0', '40'),
(225, 'G-5 (65MM)', '0', '40'),
(226, 'G-0 (6MM)', '0', '31'),
(227, 'G-1 (6MM)', '0', '31'),
(228, 'G-2 (6MM)', '0', '31'),
(229, 'G-3 (6MM)', '0', '31'),
(230, 'G-4 (6MM)', '0', '31'),
(231, 'G-5 (6MM)', '0', '31'),
(232, 'G-0 (70MM)', '0', '41'),
(233, 'G-1 (70MM)', '0', '41'),
(234, 'G-2 (70MM)', '0', '41'),
(235, 'G-3 (70MM)', '0', '41'),
(236, 'G-4 (70MM)', '0', '41'),
(237, 'G-5 (70MM)', '0', '41'),
(238, 'G-0 (75MM)', '0', '42'),
(239, 'G-1 (75MM)', '0', '42'),
(240, 'G-2 (75MM)', '0', '120'),
(241, 'G-3 (75MM)', '0', '42'),
(242, 'G-4 (75MM)', '0', '42'),
(243, 'G-5 (75MM)', '0', '42'),
(244, 'G-0 (80ML)', '0', '22'),
(245, 'G-1 (80ML)', '0', '22'),
(246, 'G-2 (80ML)', '0', '22'),
(247, 'G-3 (80ML)', '0', '22'),
(248, 'G-4 (80ML)', '0', '22'),
(249, 'G-5 (80ML)', '0', '22'),
(250, 'G-0 (80MM)', '0', '43'),
(251, 'G-1 (80MM)', '0', '43'),
(252, 'G-2 (80MM)', '0', '43'),
(253, 'G-3 (80MM)', '0', '43'),
(254, 'G-4 (80MM)', '0', '43'),
(255, 'G-5 (80MM)', '0', '43'),
(256, 'G-0 (90MM)', '0', '44'),
(257, 'G-1 (90MM)', '0', '44'),
(258, 'G-2 (90MM)', '0', '44'),
(259, 'G-3 (90MM)', '0', '44'),
(260, 'G-4 (90MM)', '0', '44'),
(261, 'G-5 (90MM)', '0', '44'),
(262, 'G-3 (50ML)', '0', ''),
(263, 'G-0 (135MM)', '0', '114'),
(264, 'G-1 (135MM)', '0', '114'),
(265, 'G-2 (135MM)', '0', '114'),
(266, 'G-3 (135MM)', '0', '114'),
(267, 'G-4 (135MM)', '0', '114'),
(268, 'G-5 (135MM)', '0', '114'),
(269, 'G-0', '0', '36'),
(270, '50 NO(S)', '0', ''),
(271, 'G-0(25MM)', '0', ''),
(272, 'G-1(25MM)', '0', ''),
(273, 'G-2(25MM)', '0', ''),
(274, 'G-3(25MM)', '0', ''),
(275, 'G-4(25MM)', '0', ''),
(276, 'G-5(25MM)', '0', ''),
(277, 'G-0(150MM)', '0', ''),
(278, 'G-1(150MM)', '0', ''),
(279, 'G-2(150MM)', '0', ''),
(280, 'G-3(150MM)', '0', ''),
(281, 'G-4(150MM)', '0', ''),
(282, 'G-5(150MM)', '0', ''),
(283, 'G-1', '0', ''),
(284, 'G-2', '0', ''),
(285, 'G-3', '0', ''),
(286, 'G-4', '0', ''),
(287, 'G-5', '0', ''),
(288, '101 NO(S)', '0', ''),
(290, 'G-0 (36MM)', '0', '118'),
(291, 'G-1(5ML)', '0', '119'),
(292, 'G-4(100MM)', '0', '123'),
(294, 'G-3(100MM)', '0', ''),
(295, 'G-4(100MM)', '0', ''),
(296, 'G-4', '0', '123'),
(297, 'G-4(120MM)', '0', '125'),
(298, 'B-34', '0', ''),
(299, 'G-2(120MM)', '0', '');

-- --------------------------------------------------------

--
-- Table structure for table `item_master`
--

DROP TABLE IF EXISTS `item_master`;
CREATE TABLE IF NOT EXISTS `item_master` (
  `item_id` bigint(20) NOT NULL AUTO_INCREMENT,
  `item_code` varchar(255) NOT NULL DEFAULT '',
  `item_name` varchar(255) NOT NULL DEFAULT '',
  `item_description` text NOT NULL,
  `item_stock` double NOT NULL DEFAULT '0',
  `unit_id` varchar(20) NOT NULL,
  `category_id` varchar(20) NOT NULL,
  `capacity_id` varchar(20) NOT NULL,
  `item_type` enum('Raw Material','Work-In-Progress','Finished Goods') NOT NULL DEFAULT 'Finished Goods',
  `item_purchase_rate` double NOT NULL DEFAULT '0',
  `item_sale_rate` double NOT NULL DEFAULT '0',
  PRIMARY KEY (`item_id`)
) ENGINE=MyISAM  DEFAULT CHARSET=latin1 AUTO_INCREMENT=392 ;

--
-- Dumping data for table `item_master`
--

INSERT INTO `item_master` (`item_id`, `item_code`, `item_name`, `item_description`, `item_stock`, `unit_id`, `category_id`, `capacity_id`, `item_type`, `item_purchase_rate`, `item_sale_rate`) VALUES
(20, '005', 'BUCHNER FUNNEL', '', 989, '4', '32', '17', 'Finished Goods', 1, 1),
(18, '004', 'BUCHNER FUNNEL', '', 736, '4', '31', '17', 'Finished Goods', 1, 1),
(17, '003', 'BUCHNER FUNNEL', '', 568, '4', '30', '17', 'Finished Goods', 1, 1),
(16, '002', 'BUCHNER FUNNEL', '', 693, '4', '29', '17', 'Finished Goods', 1, 1),
(15, '001', 'BUCHNER FUNNEL', '', 643, '4', '28', '17', 'Finished Goods', 1, 1),
(21, '006', 'BUCHNER FUNNEL', '', 769, '4', '245', '22', 'Finished Goods', 1, 1),
(22, '007', 'BUCHNER FUNNEL', '', 749, '4', '246', '22', 'Finished Goods', 1, 1),
(25, '008', 'BUCHNER FUNNEL', '', 540, '4', '247', '22', 'Finished Goods', 1, 1),
(24, '009', 'BUCHNER FUNNEL', '', 565, '4', '248', '22', 'Finished Goods', 1, 1),
(26, '010', 'BUCHNER FUNNEL', '', 999, '4', '249', '22', 'Finished Goods', 1, 1),
(27, '011', 'BUCHNER FUNNEL', '', 999, '4', '37', '7', 'Finished Goods', 1, 1),
(28, '012', 'BUCHNER FUNNEL', '', 999, '4', '38', '7', 'Finished Goods', 1, 1),
(29, '013', 'BUCHNER FUNNEL', '', 999, '4', '39', '7', 'Finished Goods', 1, 1),
(30, '014', 'BUCHNER FUNNEL', '', 999, '4', '40', '7', 'Finished Goods', 0, 0),
(31, '015', 'BUCHNER FUNNEL', '', 999, '4', '41', '7', 'Finished Goods', 1, 1),
(32, '016', 'BUCHNER FUNNEL', '', 979, '4', '47', '11', 'Finished Goods', 1, 1),
(33, '017', 'BUCHNER FUNNEL', '', 955, '4', '48', '11', 'Finished Goods', 1, 1),
(34, '018', 'BUCHNER FUNNEL', '', 892, '4', '49', '11', 'Finished Goods', 1, 1),
(35, '019', 'BUCHNER FUNNEL', '', 866, '4', '50', '11', 'Finished Goods', 1, 1),
(36, '020', 'BUCHNER FUNNEL', '', 1000, '4', '51', '11', 'Finished Goods', 0, 0),
(37, '021', 'BUCHNER FUNNEL', '', 994, '4', '197', '20', 'Finished Goods', 1, 1),
(38, '022', 'BUCHNER FUNNEL', '', 981, '4', '198', '20', 'Finished Goods', 1, 1),
(39, '023', 'BUCHNER FUNNEL', '', 1000, '4', '199', '20', 'Finished Goods', 1, 1),
(40, '024', 'BUCHNER FUNNEL', '', 829, '4', '200', '20', 'Finished Goods', 1, 1),
(41, '025', 'BUCHNER FUNNEL', '', 999, '4', '201', '20', 'Finished Goods', 1, 1),
(42, '026', 'BUCHNER FUNNEL', '', 996, '4', '88', '6', 'Finished Goods', 1, 1),
(43, '027', 'BUCHNER FUNNEL', '', 932, '4', '89', '6', 'Finished Goods', 1, 1),
(44, '028', 'BUCHNER FUNNEL', '', 981, '4', '90', '6', 'Finished Goods', 1, 1),
(45, '029', 'BUCHNER FUNNEL', '', 952, '4', '91', '6', 'Finished Goods', 1, 1),
(46, '030', 'BUCHNER FUNNEL', '', 1000, '4', '92', '6', 'Finished Goods', 1, 1),
(47, '031', 'SINTERED CRUCIBLE', '', 800, '4', '125', '9', 'Finished Goods', 0, 0),
(48, '032', 'SINTERED CRUCIBLE', '', 997, '4', '126', '9', 'Finished Goods', 0, 0),
(49, '033', 'SINTERED CRUCIBLE', '', 772, '4', '127', '9', 'Finished Goods', 0, 0),
(50, '034', 'SINTERED CRUCIBLE', '', 798, '4', '128', '9', 'Finished Goods', 0, 0),
(51, '035', 'SINTERED CRUCIBLE', '', 999, '4', '129', '9', 'Finished Goods', 0, 0),
(52, '036', 'SINTERED CRUCIBLE', '', 800, '4', '23', '16', 'Finished Goods', 0, 0),
(53, '037', 'SINTERED CRUCIBLE', '', 800, '4', '24', '16', 'Finished Goods', 0, 0),
(54, '038', 'SINTERED CRUCIBLE', '', 672, '4', '25', '16', 'Finished Goods', 0, 0),
(55, '039', 'SINTERED CRUCIBLE', '', 447, '4', '26', '16', 'Finished Goods', 0, 0),
(56, '040', 'SINTERED CRUCIBLE', '', 1000, '4', '27', '16', 'Finished Goods', 0, 0),
(57, '041', 'SINTERED CRUCIBLE', '', 990, '4', '33', '21', 'Finished Goods', 0, 0),
(58, '042', 'SINTERED CRUCIBLE', '', 800, '4', '34', '21', 'Finished Goods', 0, 0),
(59, '043', 'SINTERED CRUCIBLE', '', 772, '4', '262', '21', 'Finished Goods', 0, 0),
(60, '044', 'SINTERED CRUCIBLE', '', 621, '4', '35', '21', 'Finished Goods', 0, 0),
(61, '045', 'SINTERED CRUCIBLE', '', 1000, '4', '36', '21', 'Finished Goods', 0, 0),
(62, '046', 'MFA SINTERED PART WITH B-40 SOCKET', '', 978, '4', '63', '55', 'Finished Goods', 0, 0),
(63, '047', 'MFA UPPER CUP', '', 999, '4', '66', '15', 'Finished Goods', 0, 0),
(64, '048', 'MFA UPPER CUP', '', 1000, '4', '66', '9', 'Finished Goods', 0, 0),
(65, '049', 'MFA UPPER CUP', '', 1000, '4', '66', '13', 'Finished Goods', 0, 0),
(66, '050', 'MFA UPPER CUP', '', 1000, '4', '66', '21', 'Finished Goods', 0, 0),
(67, '051', 'MFA UPPER CUP', '', 1000, '4', '66', '7', 'Finished Goods', 0, 0),
(68, '052', 'MFA UPPER CUP', '', 1000, '4', '66', '6', 'Finished Goods', 0, 0),
(69, '053', 'MFA UPPER CUP', '', 1000, '4', '66', '16', 'Finished Goods', 0, 0),
(71, '054', 'MILIPORE TYPE MEMBRANE  FILTER 47MM SINTERED  PART WITH SILICON RUBBER CORK,  300ML UPPER CUP,WITH  WHITE CAP ALONG  WITH ANODISED  CLAMP.COMPLETE SET', '', 969, '5', '65', '46', 'Finished Goods', 0, 0),
(72, '055', 'MILIPORE TYPE MEMBRANE  FILTER 47MM SINTERED  PART WITH B-40  SOCKET,300ML UPPER  CUP,1000ML FILTERING  FLASK ALONG WITH  ANODISED  CLAMP.COMPLETE SET', '', 998, '5', '63', '46', 'Finished Goods', 0, 0),
(73, '056', 'MILIPORE TYPE MEMBRANE  FILTER 47MM SINTERED  PART WITH B-40  SOCKET,300ML UPPER CUP  ALONGWITH ANODISED CLAMP & NEOPRIN RUBBER CAP. COMPLETE  SET.', '', 1000, '5', '63', '46', 'Finished Goods', 0, 0),
(74, '057', 'MILIPORE TYPE MEMBRANE  FILTER 47MM SINTERED  PART WITH SILICON CORK 1000ML UPPER CUP ALONGWITH RUBBER CAP ANODISED CLAMP COMPLETE  SET', '', 999, '5', '65', '47', 'Finished Goods', 0, 0),
(75, '058', 'MILIPORE TYPE MEMBRANE  FILTER 47MM SINTERED  PART B-40 SOCKET, 300ML  UPPER CUP WITH CAP  (PLASTIC) ALONGWITH  ALUMINIUM (ANODISED)  CLAMP', '', 553, '5', '63', '46', 'Finished Goods', 0, 0),
(76, '059', 'MILIPORE TYPE MEMBRANE  FILTER 25MM SINTERED  PART WITH B-29  SOCKET,15ML UPPER CUP  ALONG WITH ANODISED  CLAMP.COMPLETE SET', '', 999, '5', '64', '48', 'Finished Goods', 0, 0),
(77, '060', 'MILIPORE TYPE MEMBRANE  FILTER 25MM SINTERED  PARTWITH B-29  SOCKET,30ML UPPER CUP  ALONG WITH ANODISED  CLAMP.COMPLETE SET', '', 981, '5', '64', '50', 'Finished Goods', 0, 0),
(78, '061', 'MILIPORE TYPE MEMBRANE  FILTER 25MM SINTERED  PART WITH SILICON RUBBER CORK,  15ML UPPER CUP  ALONGWITH ANODISED  CLAMP. COMPLETE SET.', '', 923, '5', '65', '48', 'Finished Goods', 0, 0),
(79, '062', 'MILIPORE TYPE MEMBRANE  FILTER 25MM SINTERED  PART WITH B-29  SOCKET,50ML UPPER CUP  ALONG WITH ANODISED  CLAMP.COMPLETE SET', '', 994, '5', '64', '51', 'Finished Goods', 0, 0),
(80, '063', 'MILIPORE TYPE MEMBRANE  FILTER 13MM SINTERED  PART WITH RUBBER CORK,  15ML UPPER CUP,ANODISED  CLIP. COMPLETE SET.', '', 999, '5', '65', '52', 'Finished Goods', 0, 0),
(81, '064', 'MILIPORE TYPE MEMBRANE  FILTER 70MM  SINTERED PART WITH  RUBBER CORK,1000ML  UPPER CUP ALONGWITH  ANODISED CLIP', '', 1000, '5', '65', '53', 'Finished Goods', 0, 0),
(82, '065', 'MILIPORE TYPE MEMBRANE  FILTER 25MM SINTERED  PART WITH  NEOPRIN  RUBBER CORK,25ML UPPER  CUP ALONG WITH ANODISED  CLAMP.', '', 740, '5', '65', '49', 'Finished Goods', 0, 0),
(84, '066', 'MFA SINTERED PART WITH B-40 SOCKET', '', 983, '4', '63', '55', 'Finished Goods', 0, 0),
(85, '067', 'MFA SINTERED PART WITH RUBBER CORK', '', 1000, '4', '65', '53', 'Finished Goods', 0, 0),
(86, '068', 'MFA SINTERED PART WITH RUBBER CORK', '', 1000, '4', '65', '47', 'Finished Goods', 0, 0),
(87, '069', 'BUCHNER FUNNEL WITH CONE AT STEM', '', 1000, '4', '47', '11', 'Finished Goods', 1, 1),
(88, '070', 'BUCHNER FUNNEL WITH VACCUM CONNECTION', '', 1000, '4', '47', '11', 'Finished Goods', 0, 0),
(89, '071', 'BUCHNER FUNNEL WITH CONE AT STEM', '', 1000, '4', '52', '12', 'Finished Goods', 1, 1),
(90, '072', 'BUCHNER FUNNEL WITH CONE AT STEM', '', 1000, '4', '58', '15', 'Finished Goods', 1, 1),
(91, '073', 'BUCHNER FUNNEL WITH CONE AT STEM', '', 1000, '4', '197', '20', 'Finished Goods', 1, 1),
(92, '074', 'BUCHNER FUNNEL WITH CONE AT STEM', '', 1000, '4', '88', '6', 'Finished Goods', 1, 1),
(93, '075', 'BUCHNER FUNNEL WITH CONE AT STEM', '', 1000, '4', '48', '11', 'Finished Goods', 1, 1),
(94, '076', 'BUCHNER FUNNEL WITH CONE AT STEM', '', 1000, '4', '53', '12', 'Finished Goods', 1, 1),
(95, '077', 'BUCHNER FUNNEL WITH CONE AT STEM', '', 1000, '4', '59', '15', 'Finished Goods', 1, 1),
(96, '078', 'BUCHNER FUNNEL WITH CONE AT STEM', '', 998, '4', '198', '20', 'Finished Goods', 1, 1),
(97, '079', 'BUCHNER FUNNEL WITH CONE AT STEM', '', 1000, '4', '89', '6', 'Finished Goods', 1, 1),
(98, '080', 'BUCHNER FUNNEL WITH CONE AT STEM', '', 930, '4', '49', '11', 'Finished Goods', 1, 1),
(99, '081', 'BUCHNER FUNNEL WITH CONE AT STEM', '', 1000, '4', '55', '12', 'Finished Goods', 1, 1),
(100, '082', 'BUCHNER FUNNEL WITH CONE AT STEM', '', 1000, '4', '54', '15', 'Finished Goods', 1, 1),
(101, '083', 'BUCHNER FUNNEL WITH CONE AT STEM', '', 1000, '4', '199', '20', 'Finished Goods', 1, 1),
(102, '084', 'BUCHNER FUNNEL WITH CONE AT STEM', '', 1000, '4', '90', '6', 'Finished Goods', 0, 0),
(103, '085', 'BUCHNER FUNNEL WITH CONE AT STEM', '', 948, '4', '50', '11', 'Finished Goods', 1, 1),
(104, '086', 'BUCHNER FUNNEL WITH CONE AT STEM', '', 1000, '4', '56', '12', 'Finished Goods', 1, 1),
(105, '087', 'BUCHNER FUNNEL WITH CONE AT STEM', '', 1000, '4', '60', '15', 'Finished Goods', 1, 1),
(106, '088', 'BUCHNER FUNNEL WITH CONE AT STEM', '', 1000, '4', '200', '20', 'Finished Goods', 1, 1),
(107, '089', 'BUCHNER FUNNEL WITH CONE AT STEM', '', 1000, '4', '91', '6', 'Finished Goods', 1, 1),
(109, '091', 'BUCHNER FUNNEL WITH CONE AT STEM', '', 1000, '4', '51', '11', 'Finished Goods', 0, 0),
(110, '092', 'BUCHNER FUNNEL WITH CONE AT STEM', '', 1000, '4', '57', '12', 'Finished Goods', 0, 0),
(111, '093', 'BUCHNER FUNNEL WITH CONE AT STEM', '', 1000, '4', '61', '15', 'Finished Goods', 0, 0),
(112, '094', 'BUCHNER FUNNEL WITH CONE AT STEM', '', 1000, '4', '201', '20', 'Finished Goods', 0, 0),
(113, '095', 'BUCHNER FUNNEL WITH CONE AT STEM', '', 1000, '4', '92', '6', 'Finished Goods', 0, 0),
(114, '096', 'BUCHNER FUNNEL WITH VACCUM CONNECTION', '', 900, '4', '52', '12', 'Finished Goods', 0, 0),
(115, '097', 'BUCHNER FUNNEL WITH VACCUM CONNECTION', '', 1000, '4', '58', '15', 'Finished Goods', 0, 0),
(116, '098', 'BUCHNER FUNNEL WITH VACCUM CONNECTION', '', 1000, '4', '197', '20', 'Finished Goods', 0, 0),
(117, '099', 'BUCHNER FUNNEL WITH VACCUM CONNECTION', '', 1000, '4', '48', '11', 'Finished Goods', 0, 0),
(118, '100', 'BUCHNER FUNNEL WITH VACCUM CONNECTION', '', 900, '4', '53', '12', 'Finished Goods', 0, 0),
(119, '101', 'BUCHNER FUNNEL WITH VACCUM CONNECTION', '', 1000, '4', '59', '15', 'Finished Goods', 0, 0),
(120, '102', 'BUCHNER FUNNEL WITH VACCUM CONNECTION', '', 1000, '4', '198', '20', 'Finished Goods', 0, 0),
(121, '103', 'BUCHNER FUNNEL WITH VACCUM CONNECTION', '', 980, '4', '49', '11', 'Finished Goods', 0, 0),
(122, '104', 'BUCHNER FUNNEL WITH VACUUM CONNECTION', '', 1000, '4', '55', '12', 'Finished Goods', 0, 0),
(123, '105', 'BUCHNER FUNNEL WITH VACUUM CONNECTION', '', 1000, '4', '54', '15', 'Finished Goods', 0, 0),
(124, '106', 'BUCHNER FUNNEL WITH VACUUM CONNECTION', '', 1000, '4', '199', '20', 'Finished Goods', 0, 0),
(125, '107', 'BUCHNER FUNNEL WITH VACUUM CONNECTION', '', 1000, '4', '50', '11', 'Finished Goods', 0, 0),
(126, '108', 'BUCHNER FUNNEL WITH VACUUM CONNECTION', '', 1000, '4', '56', '12', 'Finished Goods', 0, 0),
(127, '109', 'BUCHNER FUNNEL WITH VACUUM CONNECTION', '', 1000, '4', '60', '15', 'Finished Goods', 0, 0),
(128, '110', 'BUCHNER FUNNEL WITH VACUUM CONNECTION', '', 1000, '4', '200', '20', 'Finished Goods', 0, 0),
(129, '111', 'SINTERED DISC', '', 951, '4', '107', '32', 'Finished Goods', 0, 0),
(130, '112', 'SINTERED DISC', '', 930, '4', '101', '34', 'Finished Goods', 0, 0),
(131, '113', 'SINTERED DISC', '', 980, '4', '161', '36', 'Finished Goods', 0, 0),
(132, '114', 'SINTERED DISC', '', 1000, '4', '179', '37', 'Finished Goods', 0, 0),
(133, '115', 'SINTERED DISC', '', 988, '4', '203', '38', 'Finished Goods', 0, 0),
(134, '116', 'SINTERED DISC', '', 1000, '4', '215', '39', 'Finished Goods', 0, 0),
(135, '117', 'SINTERED DISC', '', 1000, '4', '221', '40', 'Finished Goods', 0, 0),
(136, '118', 'SINTERED DISC', '', 1000, '4', '233', '41', 'Finished Goods', 0, 0),
(137, '119', 'SINTERED DISC', '', 988, '4', '251', '43', 'Finished Goods', 0, 0),
(138, '120', 'SINTERED DISC', '', 1000, '4', '257', '44', 'Finished Goods', 0, 0),
(139, '121', 'SINTERED DISC', '', 975, '4', '108', '32', 'Finished Goods', 0, 0),
(140, '122', 'SINTERED DISC', '', 820, '4', '102', '34', 'Finished Goods', 0, 0),
(141, '123', 'SINTERED DISC', '', 980, '4', '24', '36', 'Finished Goods', 0, 0),
(142, '124', 'SINTERED DISC', '', 890, '4', '180', '37', 'Finished Goods', 0, 0),
(143, '125', 'SINTERED DISC', '', 865, '4', '204', '38', 'Finished Goods', 0, 0),
(144, '126', 'SINTERED DISC', '', 950, '4', '216', '39', 'Finished Goods', 0, 0),
(145, '127', 'SINTERED DISC', '', 1000, '4', '222', '40', 'Finished Goods', 0, 0),
(146, '128', 'SINTERED DISC', '', 975, '4', '234', '41', 'Finished Goods', 0, 0),
(147, '129', 'SINTERED DISC', '', 1000, '4', '252', '43', 'Finished Goods', 0, 0),
(148, '130', 'SINTERED DISC', '', 990, '4', '258', '44', 'Finished Goods', 0, 0),
(149, '131', 'SINTERED DISC', '', 1000, '4', '109', '32', 'Finished Goods', 0, 0),
(150, '132', 'SINTERED DISC', '', 888, '4', '103', '34', 'Finished Goods', 0, 0),
(151, '133', 'SINTERED DISC', '', 1000, '4', '163', '36', 'Finished Goods', 0, 0),
(152, '134', 'SINTERED DISC', '', 988, '4', '181', '37', 'Finished Goods', 0, 0),
(154, '135', 'SINTERED DISC', '', 968, '4', '205', '38', 'Finished Goods', 1, 1),
(155, '136', 'SINTERED DISC', '', 1000, '4', '217', '39', 'Finished Goods', 1, 1),
(156, '137', 'SINTERED DISC', '', 1000, '4', '223', '40', 'Finished Goods', 1, 1),
(157, '138', 'SINTERED DISC', '', 1000, '4', '235', '41', 'Finished Goods', 1, 1),
(158, '139', 'SINTERED DISC', '', 1000, '4', '253', '43', 'Finished Goods', 1, 1),
(159, '140', 'SINTERED DISC', '', 1000, '4', '259', '44', 'Finished Goods', 1, 1),
(160, '251', 'MILIPORE TYPE MEMBRANE FILTER 25MM SINTERED PART WITH B-29 SOCKET,15ML UPPER CUP ALONG WITH ANODISED CLAMP. COMPLETE SET', '', 998, '5', '64', '48', 'Finished Goods', 0, 0),
(161, '141', 'SPHERICAL JOINTS BALL & CUP', '', 975, '6', '66', '27', 'Finished Goods', 1, 1),
(162, '142', 'SPHERICAL JOINTS BALL & CUP', '', 958, '6', '66', '25', 'Finished Goods', 1, 1),
(163, '143', 'SPHERICAL JOINTS BALL & CUP', '', 970, '6', '66', '28', 'Finished Goods', 1, 1),
(164, '144', 'SPHERICAL JOINTS BALL & CUP', '', 1000, '6', '66', '26', 'Finished Goods', 1, 1),
(165, '145', 'SPHERICAL JOINTS BALL & CUP', '', 1000, '6', '66', '29', 'Finished Goods', 1, 1),
(166, '146', 'VISCOMETER U-TUBE,REVERSE FLOW', '', 954, '4', '66', '54', 'Finished Goods', 1, 1),
(167, '147', 'VISCOMETER U-TUBE,DERECT FLOW', '', 973, '4', '66', '54', 'Finished Goods', 1, 1),
(168, '148', 'CANNON-FENSKE FOR TRANSPARENT LIQUIDS', '', 790, '4', '66', '54', 'Finished Goods', 1, 1),
(169, '149', 'CANNON-FENSKE FOR OPAQUE LIQUIDS', '', 918, '4', '66', '54', 'Finished Goods', 1, 1),
(170, '150', 'VISCOMETER SUSPENDED LEVEL', '', 965, '4', '66', '54', 'Finished Goods', 1, 1),
(171, '151', 'VISCOMETER SUSPENDED LEVEL SHORTENED', '', 1000, '4', '66', '54', 'Finished Goods', 1, 1),
(172, '152', 'PIPELINE FILTER/DOUBLED  DRAWN', '', 1000, '4', '28', '56', 'Finished Goods', 1, 1),
(173, '153', 'PIPELINE FILTER/DOUBLED  DRAWN', '', 1000, '4', '23', '36', 'Finished Goods', 1, 1),
(174, '154', 'PIPELINE FILTER/DOUBLED  DRAWN', '', 925, '4', '222', '40', 'Finished Goods', 1, 1),
(175, '155', 'PIPELINE FILTER/DOUBLED  DRAWN', '', 934, '4', '258', '44', 'Finished Goods', 1, 1),
(176, '156', 'SPARE MFA CLAMP', '', 1000, '4', '66', '35', 'Finished Goods', 1, 1),
(177, '157', 'MFA SINTERED PART WITH RUBBER CORK', '', 1000, '4', '63', '57', 'Finished Goods', 1, 1),
(178, '158', 'SPHERICAL JOINTS BALL', '', 550, '4', '66', '27', 'Finished Goods', 1, 1),
(179, '159', 'SPHERICAL JOINTS CLIP', '', 955, '4', '66', '27', 'Finished Goods', 1, 1),
(180, '160', 'PIPELINE FILTER/DOUBLED DRAWN', '', 976, '4', '257', '44', 'Finished Goods', 0, 0),
(181, '161', 'PIPELINE FILTER/DOUBLED DRAWN', '', 1000, '4', '221', '40', 'Finished Goods', 0, 0),
(182, '162', 'PIPELINE FILTER/DOUBLED DRAWN', '', 1000, '4', '162', '36', 'Finished Goods', 0, 0),
(183, '163', 'PIPELINE FILTER/DOUBLED DRAWN', '', 1000, '4', '168', '56', 'Finished Goods', 0, 0),
(184, '164', 'PIPELINE FILTER/DOUBLED DRAWN', '', 1000, '4', '163', '36', 'Finished Goods', 0, 0),
(185, '165', 'PIPELINE FILTER/DOUBLED DRAWN', '', 1000, '4', '169', '56', 'Finished Goods', 0, 0),
(186, '166', 'PIPELINE FILTER/DOUBLED DRAWN', '', 1000, '4', '223', '40', 'Finished Goods', 0, 0),
(187, '167', 'PIPELINE FILTER/DOUBLED DRAWN', '', 996, '4', '259', '44', 'Finished Goods', 0, 0),
(188, '168', 'PIPELINE FILTER/DOUBLED DRAWN', '', 1000, '4', '164', '36', 'Finished Goods', 0, 0),
(189, '169', 'PIPELINE FILTER/DOUBLED DRAWN', '', 1000, '4', '170', '56', 'Finished Goods', 0, 0),
(190, '170', 'PIPELINE FILTER/DOUBLED DRAWN', '', 1000, '4', '260', '44', 'Finished Goods', 0, 0),
(191, '171', 'PIPELINE FILTER/DOUBLED DRAWN', '', 1000, '4', '224', '40', 'Finished Goods', 0, 0),
(192, '172', 'PIPELINE FILTER/DOUBLED DRAWN', '', 1000, '4', '165', '36', 'Finished Goods', 0, 0),
(193, '173', 'PIPELINE FILTER/DOUBLED DRAWN', '', 1000, '4', '171', '56', 'Finished Goods', 0, 0),
(194, '174', 'PIPELINE FILTER/DOUBLED DRAWN', '', 1000, '4', '225', '40', 'Finished Goods', 0, 0),
(195, '175', 'PIPELINE FILTER/DOUBLED DRAWN', '', 1000, '4', '261', '44', 'Finished Goods', 0, 0),
(196, '176', 'SPECIAL CRUCIBLE', '', 976, '4', '174', '18', 'Finished Goods', 1, 1),
(197, '177', 'MILIPORE TYPE MEMBRANE FILTER 25MM SINTERED PART WITH RUBBER CORK, 30ML UPPER CUP ALONGWITH ANODISED CLAMP. COMPLETE SET.', '', 1000, '5', '65', '50', 'Finished Goods', 0, 0),
(198, '178', 'SINTERED DISC', '', 988, '4', '133', '33', 'Finished Goods', 1, 1),
(199, '179', 'SINTERED DISC', '', 988, '4', '132', '33', 'Finished Goods', 1, 1),
(200, '180', 'BUCHNER FUNNEL WITH CONE AT STEM', '', 1000, '4', '31', '17', 'Finished Goods', 0, 0),
(201, '181', 'BUCHNER FUNNEL WITH CONE AT STEM', '', 1000, '4', '245', '22', 'Finished Goods', 0, 0),
(202, '182', 'BUCHNER FUNNEL WITH CONE AT STEM', '', 1000, '4', '246', '22', 'Finished Goods', 0, 0),
(203, '183', 'BUCHNER FUNNEL WITH CONE AT STEM', '', 1000, '4', '248', '22', 'Finished Goods', 0, 0),
(204, '184', 'SINTERED DISC', '', 900, '4', '120', '58', 'Finished Goods', 0, 0),
(205, '185', 'SPHERICAL JOINTS BALL', '', 538, '4', '66', '25', 'Finished Goods', 1, 1),
(206, '186', 'SPHERICAL JOINTS CUP', '', 250, '4', '66', '25', 'Finished Goods', 1, 1),
(207, '187', 'SPHERICAL JOINTS CLIP', '', 933, '4', '66', '25', 'Finished Goods', 1, 1),
(208, '188', 'GLASS CYLINDER WITH STOPPER AND SIDE TUBE', '', 1000, '4', '66', '54', 'Finished Goods', 1, 1),
(209, '189', 'MILIPORE TYPE MEMBRANE FILTER 47MM SINTERED PART WITH B-40 SOCKET,300ML UPPER CUP WITH CAP ALONG WITH 1000ML FILTERING FLASK AND ANODISED CLAMP. COMPLETE SET.', '', 998, '5', '63', '46', 'Finished Goods', 1, 1),
(210, '190', 'MILIPORE TYPE MEMBRANE FILTER 25MM SINTERED PART WITH NEOPRIN RUBBER CORK,25ML UPPER CUP ALONG WITH 500ML FILTERING FLASK AND ANODISED CLAMP.', '', 1000, '5', '65', '49', 'Finished Goods', 1, 1),
(211, '191', 'MILIPORE TYPE MEMBRANE FILTER 47MM SINTERED PART WITH B-40 SOCKET,500ML UPPER CUP ALONG WITH 2000ML FILTERING FLASK AND ANODISED CLAMP. COMPLETE SET.', '', 1000, '5', '63', '57', 'Finished Goods', 1, 1),
(212, '192', 'SPARE MFA CLAMP', '', 1697, '4', '66', '55', 'Finished Goods', 1, 1),
(213, '193', 'SALT BRIDGE', '', 1000, '4', '66', '54', 'Finished Goods', 1, 1),
(214, '194', 'M-8', '', 999.115, '7', '75', '70', 'Raw Material', 1, 1),
(215, '195', 'M-10', '', 999.04, '7', '75', '72', 'Raw Material', 1, 1),
(216, '196', 'M-12', '', 1000, '7', '66', '111', 'Raw Material', 1, 1),
(217, '197', 'M-13', '', 998.5, '7', '69', '59', 'Raw Material', 1, 1),
(218, '198', 'M-16', '', 1000, '7', '66', '112', 'Raw Material', 1, 1),
(219, '199', 'M-20', '', 1000, '7', '66', '113', 'Raw Material', 1, 1),
(220, '200', 'M-22', '', 979.905, '7', '77', '71', 'Raw Material', 1, 1),
(221, '201', 'M-26', '', 993.89, '7', '68', '60', 'Raw Material', 1, 1),
(222, '202', 'M-28', '', 967.97, '7', '77', '61', 'Raw Material', 1, 1),
(223, '203', 'M-34', '', 998.685, '7', '68', '110', 'Raw Material', 1, 1),
(224, '204', 'M-38', '', 997.6, '7', '67', '62', 'Raw Material', 1, 1),
(225, '205', 'M-45', '', 993.25, '7', '66', '109', 'Raw Material', 1, 1),
(226, '206', 'L-10', '', 945.8, '7', '288', '108', 'Raw Material', 1, 1),
(227, '207', 'L-18', '', 984.595, '7', '270', '107', 'Raw Material', 1, 1),
(228, '208', 'L-22', '', 992.635, '7', '73', '67', 'Raw Material', 1, 1),
(229, '209', 'L-25', '', 977.24, '7', '83', '63', 'Raw Material', 1, 1),
(230, '210', 'L-28', '', 1000, '7', '66', '68', 'Raw Material', 1, 1),
(231, '211', 'L-32', '', 974.8, '7', '66', '106', 'Raw Material', 1, 1),
(232, '212', 'L-34', '', 983.905, '7', '76', '105', 'Raw Material', 1, 1),
(233, '213', 'L-36', '', 995.1, '7', '72', '104', 'Raw Material', 1, 1),
(234, '214', 'L-40', '', 976.78, '7', '68', '65', 'Raw Material', 1, 1),
(235, '215', 'L-42', '', 990.99, '7', '73', '66', 'Raw Material', 1, 1),
(236, '216', 'L-46', '', 1000, '7', '66', '103', 'Raw Material', 1, 1),
(237, '217', 'L-50', '', 979.02, '7', '78', '64', 'Raw Material', 1, 1),
(238, '218', 'L-60', '', 965.74, '7', '72', '73', 'Raw Material', 1, 1),
(239, '219', 'L-65', '', 983.51, '7', '73', '102', 'Raw Material', 1, 1),
(240, '220', 'L-70', '', 993.43, '7', '66', '101', 'Raw Material', 1, 1),
(241, '221', 'L-80', '', 1000, '7', '66', '100', 'Raw Material', 1, 1),
(242, '222', 'L-90', '', 1000, '7', '66', '99', 'Raw Material', 1, 1),
(243, '223', 'L-130', '', 1000, '7', '66', '98', 'Raw Material', 1, 1),
(244, '224', 'L-12', '', 1000, '7', '66', '97', 'Raw Material', 1, 1),
(245, '225', 'L-13', '', 1000, '7', '66', '96', 'Raw Material', 1, 1),
(246, '226', 'L-15', '', 1000, '7', '66', '95', 'Raw Material', 1, 1),
(247, '227', 'L-20', '', 1000, '7', '66', '94', 'Raw Material', 1, 1),
(248, '228', 'L-24', '', 1000, '7', '66', '93', 'Raw Material', 1, 1),
(249, '229', 'L-30', '', 1000, '7', '66', '92', 'Raw Material', 1, 1),
(250, '230', 'L-38', '', 1000, '7', '66', '91', 'Raw Material', 1, 1),
(251, '231', 'L-44', '', 1000, '7', '66', '90', 'Raw Material', 1, 1),
(252, '232', 'L-45', '', 1000, '7', '66', '89', 'Raw Material', 1, 1),
(253, '233', 'L-48', '', 1000, '7', '66', '88', 'Raw Material', 1, 1),
(254, '234', 'L-55', '', 997.9, '7', '68', '69', 'Raw Material', 1, 1),
(255, '235', 'L-100', '', 992.59, '7', '69', '87', 'Raw Material', 1, 1),
(256, '236', 'L-150', '', 1000, '7', '66', '86', 'Raw Material', 1, 1),
(257, '237', 'L-105', '', 1000, '7', '66', '85', 'Raw Material', 1, 1),
(258, '238', 'M-7', '', 1000, '7', '66', '84', 'Raw Material', 1, 1),
(259, '239', 'M-9', '', 1000, '7', '66', '83', 'Raw Material', 1, 1),
(260, '240', 'M-14', '', 1000, '7', '66', '82', 'Raw Material', 1, 1),
(261, '241', 'M-15', '', 1000, '7', '66', '81', 'Raw Material', 1, 1),
(262, '242', 'M-18', '', 1000, '7', '66', '80', 'Raw Material', 1, 1),
(263, '243', 'M-24', '', 1000, '7', '66', '79', 'Raw Material', 1, 1),
(264, '244', 'M-32', '', 1000, '7', '66', '78', 'Raw Material', 1, 1),
(265, '245', 'M-46', '', 1000, '7', '66', '77', 'Raw Material', 1, 1),
(266, '246', 'M-70', '', 1000, '7', '66', '76', 'Raw Material', 1, 1),
(267, '247', 'M-80', '', 1000, '7', '66', '75', 'Raw Material', 1, 1),
(268, '248', 'M-130', '', 1000, '7', '66', '74', 'Raw Material', 1, 1),
(269, '249', 'SPHERICAL JOINTS CLIP', '', 820, '4', '66', '28', 'Finished Goods', 1, 1),
(270, '250', 'SPHERICAL JOINTS CUP', '', 425, '4', '66', '28', 'Finished Goods', 1, 1),
(271, '252', 'FUNNEL WITH B-24 STOP COCK & B-19 DEEP TRIP CONE (AS PER SKETCH)', '', 996, '4', '66', '20', 'Finished Goods', 1, 1),
(272, '253', 'OXYGEN CYLINDER', '', 120, '4', '66', '54', 'Raw Material', 1, 1),
(273, '254', 'LPG', '', 5, '4', '66', '54', 'Raw Material', 1, 1),
(274, '255', 'SILICON CARBIDE 120', '', 16, '7', '66', '54', 'Raw Material', 1, 1),
(275, '256', 'MOTOR HIRE RENT', '', 5, '4', '66', '54', 'Raw Material', 1, 1),
(276, '257', 'ELECTRICITY', '', 1, '4', '66', '54', 'Raw Material', 1, 1),
(277, '258', 'COMPUTER MAINTANANCE', '', 1, '4', '66', '54', 'Raw Material', 1, 1),
(278, '259', 'GOODS FREIGHT', '', 1, '4', '66', '54', 'Raw Material', 1, 1),
(279, '260', 'IRON SHAPER', '', 3, '4', '66', '54', 'Raw Material', 1, 1),
(280, '261', 'RE-CUTTING CHARGES', '', 1, '4', '66', '54', 'Raw Material', 1, 1),
(281, '263', 'H.F.', '', 4, '8', '66', '54', 'Raw Material', 1, 1),
(282, '264', 'NEOPRIN RUBBER CAP', '', 223, '4', '66', '54', 'Finished Goods', 1, 1),
(283, '265', 'MFA SINTERED PART WITH SILICON CORK', '', 995, '4', '65', '55', 'Finished Goods', 1, 1),
(284, '266', 'SPHERICAL JOINTS BALL', '', 550, '4', '66', '28', 'Finished Goods', 1, 1),
(285, '267', 'SPHERICAL JOINTS BALL', '', 300, '4', '66', '26', 'Finished Goods', 1, 1),
(286, '268', 'SPHERICAL JOINTS CUP', '', 208, '4', '66', '26', 'Finished Goods', 1, 1),
(287, '269', 'BUCHNER FUNNEL', '', 998, '4', '137', '10', 'Finished Goods', 1, 1),
(288, '270', 'BUCHNER FUNNEL', '', 1000, '4', '138', '10', 'Finished Goods', 1, 1),
(289, '271', 'BUCHNER FUNNEL', '', 995, '4', '139', '10', 'Finished Goods', 1, 1),
(290, '272', 'BUCHNER FUNNEL', '', 1000, '4', '140', '10', 'Finished Goods', 1, 1),
(291, '273', 'SPHERICAL JOINTS CLIP', '', 975, '4', '66', '26', 'Finished Goods', 1, 1),
(292, '274', 'BUCHNER FUNNEL WITH VACCUM CONNECTION', 'WITH B-24 CONE', 998, '4', '90', '6', 'Finished Goods', 0, 0),
(293, '275', 'SINTERED DISC', '', 980, '4', '81', '34', 'Finished Goods', 1, 1),
(294, '276', 'SINTERED DISC', '', 994, '4', '250', '43', 'Finished Goods', 0, 0),
(295, '277', 'SINTERED DISC', '', 98, '4', '265', '114', 'Finished Goods', 0, 0),
(296, '278', 'SINTERED DISC', '', 0, '4', '160', '36', 'Finished Goods', 0, 0),
(297, '279', 'SPHERICAL JOINTS CLIP', '', 90, '4', '66', '29', 'Finished Goods', 0, 0),
(317, '280', 'SINTERED GLASS TUBE', '', 1000, '4', '106', '32', 'Finished Goods', 0, 0),
(318, '281', 'SINTERED GLASS TUBE', '', 1000, '4', '81', '34', 'Finished Goods', 0, 0),
(319, '282', 'GLASS BAREL 20 INCHS 130MM TUBE', '', 8, '4', '66', '54', 'Finished Goods', 0, 0),
(320, '283', 'GLASS FILTER TUBE', '', 9, '4', '290', '118', 'Finished Goods', 0, 0),
(321, '284', 'GLASS FILTER TUBE', '', 9, '4', '160', '36', 'Finished Goods', 0, 0),
(322, '285', 'GLASS FILTER TUBE', '', 9, '4', '130', '33', 'Finished Goods', 0, 0),
(323, '286', 'GLASS FILTER TUBE', '', 9, '4', '81', '34', 'Finished Goods', 0, 0),
(324, '287', 'GAS BUBLER 8MM TUBE HEIGHT 8 INCHS DISC.DIA 15MM', '', 6, '4', '131', '33', 'Finished Goods', 0, 0),
(325, '288', 'SINTERED CRUCIBLE', '', 1000, '4', '98', '16', 'Finished Goods', 0, 0),
(326, '289', 'SINTERED DISC', '', 915, '4', '149', '35', 'Finished Goods', 0, 0),
(327, '290', 'SINTERED DISC', '', 988, '4', '275', '35', 'Finished Goods', 0, 0),
(328, '291', 'SINTERED DISC', '', 990, '4', '279', '116', 'Finished Goods', 0, 0),
(329, '292', 'CHROMATOGRAPHY COLOUMN', '', 1000, '4', '285', '54', 'Finished Goods', 0, 0),
(330, '293', 'MILIPORE TYPE MEMBRANE FILTER 70MM SINTERED PART WITH B-40 SOCKET,1000ML UPPER CUP ALONGWITH ANODISED CLAMP. COMPLETE SET', '', 996, '5', '63', '53', 'Finished Goods', 0, 0),
(331, '294', 'SPARE FILTERING FLASK', '', 1000, '4', '63', '6', 'Finished Goods', 0, 0),
(332, '295', 'SPECIAL BUCHNER FUNNEL', '', 10, '4', '66', '117', 'Finished Goods', 0, 0),
(333, '296', 'CRUCIBLE FUNNEL ADOPTER WITH BUNK', '', 10, '4', '33', '21', 'Finished Goods', 0, 0),
(334, '297', 'CHROMATOGRAPHY COLOUMN', '', 96, '4', '283', '54', 'Finished Goods', 0, 0),
(335, '298', 'BUCHNER FUNNEL WITH VACCUM CONNECTION', '', 90, '4', '291', '119', 'Finished Goods', 0, 0),
(337, '299', 'GLASS GAS DISTRIBUTION TUBE', '', 600, '4', '284', '33', 'Finished Goods', 0, 0),
(338, '300', 'SINTERED DISC', '', 1000, '4', '271', '35', 'Finished Goods', 0, 0),
(339, '301', 'SINTERED DISC', '', 975, '4', '240', '120', 'Finished Goods', 0, 0),
(340, '302', 'BUCHNER FUNNEL', '', 986, '4', '244', '22', 'Finished Goods', 0, 0),
(341, '303', 'BUCHNER FUNNEL', '', 980, '4', '95', '11', 'Finished Goods', 0, 0),
(342, '304', 'BUCHNER FUNNEL', '', 986, '4', '196', '20', 'Finished Goods', 0, 0),
(343, '305', 'BUCHNER FUNNEL', '', 987, '4', '87', '6', 'Finished Goods', 0, 0),
(344, '306', 'BUCHNER FUNNEL', '', 999, '4', '136', '10', 'Finished Goods', 0, 0),
(345, '307', 'MILIPORE TYPE MEMBRANE FILTER 25MM SINTERED PARTWITH B-29 SOCKET,50ML UPPER CUP ALONG WITH ANODISED CLAMP.COMPLETE SET', '', 988, '5', '64', '51', 'Finished Goods', 0, 0),
(346, '308', 'SINTERED DISC', '', 952, '4', '161', '36', 'Finished Goods', 0, 0),
(347, '309', 'SINTERED DISC', '', 986, '4', '260', '44', 'Finished Goods', 0, 0),
(348, '310', 'SINTERED DISC', '', 990, '4', '278', '116', 'Finished Goods', 0, 0),
(349, '311', 'BUCHNER FUNNEL', '', 982, '4', '66', '54', 'Finished Goods', 0, 0),
(350, '312', 'LAB GLASS TUBE ASSORTED', '', 3300, '7', '66', '54', 'Raw Material', 0, 0),
(351, '313', 'CONICAL FLASK', '', 12, '4', '66', '10', 'Raw Material', 0, 0),
(352, '314', 'STEEL BALL', '', 6, '4', '66', '56', 'Raw Material', 0, 0),
(353, '315', 'STEEL BALL', '', 6, '4', '66', '121', 'Raw Material', 0, 0),
(354, '316', 'REEL WITH STAND', '', 3, '4', '66', '54', 'Raw Material', 0, 0),
(355, '317', 'CUP IN DISE', '', 10, '4', '66', '54', 'Raw Material', 0, 0),
(356, '318', 'WOLFS BOTTLE', '', 998, '4', '66', '10', 'Finished Goods', 0, 0),
(357, '319', 'CHROMATOGRAPHY COLOUMN', '', 996, '4', '284', '54', 'Finished Goods', 0, 0),
(358, '320', '5 LTR HEAVY WALLED 3 NECK CONICAL FLASK I.e B-50 SOCKET ON CENTRE,B-24 AND B-14 SOCKET ON BOTH SIDE', '', 97, '4', '66', '122', 'Finished Goods', 0, 8000),
(363, '324', 'CONICAL FLASK', '', 3, '4', '66', '19', 'Raw Material', 0, 0),
(364, '325', 'CONICAL FLASK', '', 12, '4', '66', '6', 'Raw Material', 0, 0),
(360, '322', 'THERMOMETER POCKET B-14 LENGTH UPTO JOIN 417 MM', '', 97, '4', '66', '54', 'Finished Goods', 0, 130),
(361, '321', 'THERMOMETER POCKET B-14 LENGTH UPTO JOIN 265 MM', '', 91, '4', '66', '54', 'Finished Goods', 0, 130),
(362, '323', 'FREIGHT', '', 2, '4', '66', '54', 'Raw Material', 0, 0),
(365, '326', 'GLASS GAS DISTRIBUTION TUBE', '', 70, '4', '164', '36', 'Finished Goods', 0, 0),
(366, '327', 'SPHERICAL JOINTS CUP', '', 750, '4', '66', '29', 'Finished Goods', 0, 0),
(367, '328', 'SPHERICAL JOINTS BALL', '', 750, '4', '66', '29', 'Finished Goods', 0, 0),
(368, '329', 'SPHERICAL JOINTS CUP', '', 750, '4', '66', '27', 'Finished Goods', 0, 0),
(369, '330', 'SINTERED BUBBLER', '', 986, '4', '66', '54', 'Finished Goods', 0, 0),
(370, '331', 'SINTERED DISC', '', 995, '4', '294', '123', 'Finished Goods', 0, 0),
(371, '332', 'PETROL', '', 47, '9', '66', '54', 'Raw Material', 0, 0),
(372, '333', 'BUCHNER FUNNEL', '', 750, '4', '284', '124', 'Finished Goods', 0, 0),
(373, '334', 'SINTERED CRUCIBLE', '', 800, '4', '164', '16', 'Finished Goods', 0, 0),
(374, '335', 'SPECIAL CRUCIBLE', '', 964, '4', '173', '18', 'Finished Goods', 0, 0),
(375, '336', 'SINTERED DISC', '', 975, '4', '273', '35', 'Finished Goods', 0, 0),
(376, '337', 'SINTERED DISC', '', 951, '4', '274', '35', 'Finished Goods', 0, 0),
(377, '338', 'SINTERED DISC', '', 1000, '4', '104', '34', 'Finished Goods', 0, 0),
(378, '339', 'SINTERED DISC', '', 990, '4', '295', '123', '', 0, 0),
(379, '340', 'MFA SINTERED PART WITH RUBBER CORK', '', 982, '4', '66', '55', 'Finished Goods', 0, 0),
(380, '341', 'POSTAGE CHARGES', '', 1, '4', '66', '54', 'Raw Material', 0, 0),
(381, '342', 'PACKING CHARGES', '', 1, '4', '66', '54', 'Raw Material', 0, 0),
(382, '343', 'HCL', '', 1, '9', '66', '54', 'Raw Material', 0, 0),
(383, '344', 'MILIPORE TYPE MEMBRANE FILTER 47MM SINTERED PART B-40 SOCKET, 500ML UPPER CUP WITH CAP (PLASTIC) ALONGWITH ALUMINIUM (ANODISED) CLAMP', '', 999, '5', '63', '57', 'Finished Goods', 0, 0),
(384, '345', 'SINTERED DISC', '', 998, '4', '297', '125', 'Finished Goods', 0, 0),
(385, '346', 'SINTERED GLASS ROD', '', 933, '4', '66', '54', 'Finished Goods', 0, 0),
(386, '347', 'SINTERED DISC', '', 996, '4', '294', '123', 'Finished Goods', 0, 0),
(387, '348', 'MFA SINTERED PART WITH B-29 SOCKET', '', 999, '4', '64', '35', 'Finished Goods', 0, 0),
(388, '349', 'MILIPORE TYPE MEMBRANE FILTER 47MM SINTERED PART B-34 SOCKET, 300ML UPPER CUP WITH CAP (PLASTIC) ALONGWITH ALUMINIUM (ANODISED) CLAMP', '', 998, '5', '298', '46', 'Finished Goods', 0, 0),
(389, '350', 'BUCHNER FUNNEL', '', 960, '4', '99', '17', 'Finished Goods', 0, 0),
(390, '351', 'UBBELOHDE VISCOMETER', '', 940, '4', '66', '54', 'Finished Goods', 0, 0),
(391, '352', 'SINTERED DISC', '', 994, '4', '299', '125', 'Finished Goods', 0, 0);

-- --------------------------------------------------------

--
-- Table structure for table `item_requisition`
--

DROP TABLE IF EXISTS `item_requisition`;
CREATE TABLE IF NOT EXISTS `item_requisition` (
  `item_requisition_id` bigint(20) NOT NULL AUTO_INCREMENT,
  `item_requisition_date` date NOT NULL DEFAULT '0000-00-00',
  `user_id` varchar(20) NOT NULL,
  `sales_order_id` varchar(20) NOT NULL,
  `direction` enum('Raw Material -> WIP','WIP -> Finished Goods') NOT NULL,
  PRIMARY KEY (`item_requisition_id`)
) ENGINE=MyISAM DEFAULT CHARSET=latin1 AUTO_INCREMENT=1 ;

--
-- Dumping data for table `item_requisition`
--


-- --------------------------------------------------------

--
-- Table structure for table `item_requisition_details`
--

DROP TABLE IF EXISTS `item_requisition_details`;
CREATE TABLE IF NOT EXISTS `item_requisition_details` (
  `item_requisition_detail_id` bigint(20) NOT NULL AUTO_INCREMENT,
  `item_requisition_id` varchar(20) NOT NULL,
  `item_id` varchar(20) NOT NULL,
  `item_qty` double NOT NULL DEFAULT '0',
  `item_unit` varchar(20) NOT NULL,
  `capacity` varchar(20) NOT NULL,
  PRIMARY KEY (`item_requisition_detail_id`)
) ENGINE=MyISAM DEFAULT CHARSET=latin1 AUTO_INCREMENT=1 ;

--
-- Dumping data for table `item_requisition_details`
--


-- --------------------------------------------------------

--
-- Table structure for table `ledger`
--

DROP TABLE IF EXISTS `ledger`;
CREATE TABLE IF NOT EXISTS `ledger` (
  `id` bigint(20) NOT NULL AUTO_INCREMENT,
  `led_date` date NOT NULL DEFAULT '0000-00-00',
  `party_id` varchar(30) NOT NULL,
  `ref_id` varchar(50) DEFAULT NULL,
  `dr_cr` enum('D','C') NOT NULL DEFAULT 'C',
  `amount` double(10,2) NOT NULL DEFAULT '0.00',
  `nara` text NOT NULL,
  PRIMARY KEY (`id`)
) ENGINE=MyISAM  DEFAULT CHARSET=latin1 AUTO_INCREMENT=264 ;

--
-- Dumping data for table `ledger`
--

INSERT INTO `ledger` (`id`, `led_date`, `party_id`, `ref_id`, `dr_cr`, `amount`, `nara`) VALUES
(1, '2010-04-01', '12', 'ASMI/1/2010-2011', 'D', 5100.00, 'Being Sale Bill no :ASMI/1/2010-2011'),
(2, '2010-04-02', '20', 'ASMI/2/2010-2011', 'D', 12471.00, 'Being Sale Bill no :ASMI/2/2010-2011'),
(3, '2010-04-08', '20', 'ASMI/3/2010-2011', 'D', 16455.00, 'Being Sale Bill no :ASMI/3/2010-2011'),
(4, '2010-04-09', '10', 'ASMI/4/2010-2011', 'D', 11136.00, 'Being Sale Bill no :ASMI/4/2010-2011'),
(5, '2010-04-17', '20', 'ASMI/6/2010-2011', 'D', 12718.00, 'Being Sale Bill no :ASMI/6/2010-2011'),
(6, '2010-04-16', '11', 'ASMI/5/2010-2011', 'D', 10767.00, 'Being Sale Bill no :ASMI/5/2010-2011'),
(7, '2010-04-20', '20', 'ASMI/8/2010-2011', 'D', 8973.00, 'Being Sale Bill no :ASMI/8/2010-2011'),
(8, '2010-04-20', '8', 'ASMI/7/2010-2011', 'D', 22771.00, 'Being Sale Bill no :ASMI/7/2010-2011'),
(9, '2010-04-22', '19', 'ASMI/9/2010-2011', 'D', 8438.00, 'Being Sale Bill no :ASMI/9/2010-2011'),
(10, '2010-04-24', '25', 'ASMI/10/2010-2011', 'D', 20420.00, 'Being Sale Bill no :ASMI/10/2010-2011'),
(11, '2010-04-26', '6', 'ASMI/11/2010-2011', 'D', 49490.00, 'Being Sale Bill no :ASMI/11/2010-2011'),
(12, '2010-04-26', '20', 'ASMI/12/2010-2011', 'D', 7924.00, 'Being Sale Bill no :ASMI/12/2010-2011'),
(13, '2010-04-29', '19', 'ASMI/13/2010-2011', 'D', 8438.00, 'Being Sale Bill no :ASMI/13/2010-2011'),
(14, '2010-04-30', '6', 'ASMI/14/2010-2011', 'D', 8976.00, 'Being Sale Bill no :ASMI/14/2010-2011'),
(15, '2010-05-03', '15', 'ASMI/15/2010-2011', 'D', 5063.00, 'Being Sale Bill no :ASMI/15/2010-2011'),
(16, '2010-05-03', '14', 'ASMI/16/2010-2011', 'D', 9078.00, 'Being Sale Bill no :ASMI/16/2010-2011'),
(17, '2010-05-05', '31', 'ASMI/17/2010-2011', 'D', 10863.00, 'Being Sale Bill no :ASMI/17/2010-2011'),
(18, '2010-05-07', '18', 'ASMI/18/2010-2011', 'D', 2700.00, 'Being Sale Bill no :ASMI/18/2010-2011'),
(19, '2010-05-08', '20', 'ASMI/19/2010-2011', 'D', 15160.00, 'Being Sale Bill no :ASMI/19/2010-2011'),
(20, '2010-05-10', '6', 'ASMI/20/2010-2011', 'D', 5738.00, 'Being Sale Bill no :ASMI/20/2010-2011'),
(21, '2010-05-10', '8', 'ASMI/21/2010-2011', 'D', 16923.00, 'Being Sale Bill no :ASMI/21/2010-2011'),
(22, '2010-05-11', '19', 'ASMI/22/2010-2011', 'D', 7200.00, 'Being Sale Bill no :ASMI/22/2010-2011'),
(23, '2010-05-12', '15', 'ASMI/23/2010-2011', 'D', 1575.00, 'Being Sale Bill no :ASMI/23/2010-2011'),
(24, '2010-05-13', '43', 'ASMI/24/2010-2011', 'D', 1488.00, 'Being Sale Bill no :ASMI/24/2010-2011'),
(25, '2010-05-14', '20', 'ASMI/25/2010-2011', 'D', 14870.00, 'Being Sale Bill no :ASMI/25/2010-2011'),
(26, '2010-05-14', '32', 'ASMI/26/2010-2011', 'D', 532.00, 'Being Sale Bill no :ASMI/26/2010-2011'),
(27, '2010-05-15', '19', 'ASMI/27/2010-2011', 'D', 1181.00, 'Being Sale Bill no :ASMI/27/2010-2011'),
(28, '2010-05-15', '23', 'ASMI/28/2010-2011', 'D', 1739.00, 'Being Sale Bill no :ASMI/28/2010-2011'),
(29, '2010-05-17', '14', 'ASMI/29/2010-2011', 'D', 1670.00, 'Being Sale Bill no :ASMI/29/2010-2011'),
(30, '2010-05-18', '43', 'ASMI/30/2010-2011', 'D', 1829.00, 'Being Sale Bill no :ASMI/30/2010-2011'),
(31, '2010-05-18', '44', 'ASMI/31/2010-2011', 'D', 762.00, 'Being Sale Bill no :ASMI/31/2010-2011'),
(32, '2010-05-18', '32', 'ASMI/32/2010-2011', 'D', 1890.00, 'Being Sale Bill no :ASMI/32/2010-2011'),
(33, '2010-05-18', '23', 'ASMI/33/2010-2011', 'D', 2889.00, 'Being Sale Bill no :ASMI/33/2010-2011'),
(34, '2010-05-21', '17', 'ASMI/34/2010-2011', 'D', 6209.00, 'Being Sale Bill no :ASMI/34/2010-2011'),
(35, '2010-05-21', '6', 'ASMI/35/2010-2011', 'D', 97920.00, 'Being Sale Bill no :ASMI/35/2010-2011'),
(36, '2010-05-22', '19', 'ASMI/36/2010-2011', 'D', 13838.00, 'Being Sale Bill no :ASMI/36/2010-2011'),
(37, '2010-05-22', '20', 'ASMI/37/2010-2011', 'D', 4416.00, 'Being Sale Bill no :ASMI/37/2010-2011'),
(38, '2010-05-25', '45', 'ASMI/38/2010-2011', 'D', 1772.00, 'Being Sale Bill no :ASMI/38/2010-2011'),
(39, '2010-05-26', '20', 'ASMI/39/2010-2011', 'D', 12050.00, 'Being Sale Bill no :ASMI/39/2010-2011'),
(40, '2010-05-26', '19', 'ASMI/40/2010-2011', 'D', 8438.00, 'Being Sale Bill no :ASMI/40/2010-2011'),
(41, '2010-05-27', '46', 'ASMI/41/2010-2011', 'D', 887.00, 'Being Sale Bill no :ASMI/41/2010-2011'),
(42, '2010-06-02', '45', 'ASMI/42/2010-2011', 'D', 4150.00, 'Being Sale Bill no :ASMI/42/2010-2011'),
(43, '2010-06-03', '6', 'ASMI/43/2010-2011', 'D', 28050.00, 'Being Sale Bill no :ASMI/43/2010-2011'),
(44, '2010-06-04', '47', 'ASMI/44/2010-2011', 'D', 1238.00, 'Being Sale Bill no :ASMI/44/2010-2011'),
(45, '2010-06-08', '6', 'ASMI/45/2010-2011', 'D', 662.00, 'Being Sale Bill no :ASMI/45/2010-2011'),
(46, '2010-06-10', '20', 'ASMI/46/2010-2011', 'D', 3811.00, 'Being Sale Bill no :ASMI/46/2010-2011'),
(47, '2010-06-11', '48', 'ASMI/47/2010-2011', 'D', 4331.00, 'Being Sale Bill no :ASMI/47/2010-2011'),
(48, '2010-06-11', '6', 'ASMI/48/2010-2011', 'D', 18360.00, 'Being Sale Bill no :ASMI/48/2010-2011'),
(49, '2010-06-12', '32', 'ASMI/49/2010-2011', 'D', 2413.00, 'Being Sale Bill no :ASMI/49/2010-2011'),
(50, '2010-06-15', '20', 'ASMI/51/2010-2011', 'D', 2316.00, 'Being Sale Bill no :ASMI/51/2010-2011'),
(51, '2010-06-14', '19', 'ASMI/50/2010-2011', 'D', 18828.00, 'Being Sale Bill no :ASMI/50/2010-2011'),
(52, '2010-06-19', '11', 'ASMI/52/2010-2011', 'D', 8962.00, 'Being Sale Bill no :ASMI/52/2010-2011'),
(53, '2010-06-21', '44', 'ASMI/53/2010-2011', 'D', 3771.00, 'Being Sale Bill no :ASMI/53/2010-2011'),
(54, '2010-06-21', '49', 'ASMI/54/2010-2011', 'D', 2510.00, 'Being Sale Bill no :ASMI/54/2010-2011'),
(55, '2010-06-21', '20', 'ASMI/55/2010-2011', 'D', 5190.00, 'Being Sale Bill no :ASMI/55/2010-2011'),
(56, '2010-06-25', '20', 'ASMI/56/2010-2011', 'D', 1549.00, 'Being Sale Bill no :ASMI/56/2010-2011'),
(57, '2010-06-28', '6', 'ASMI/57/2010-2011', 'D', 11730.00, 'Being Sale Bill no :ASMI/57/2010-2011'),
(58, '2010-06-30', '32', 'ASMI/58/2010-2011', 'D', 2449.00, 'Being Sale Bill no :ASMI/58/2010-2011'),
(59, '2010-06-30', '25', 'ASMI/59/2010-2011', 'D', 89829.00, 'Being Sale Bill no :ASMI/59/2010-2011'),
(60, '2010-06-30', '19', 'ASMI/60/2010-2011', 'D', 17685.00, 'Being Sale Bill no :ASMI/60/2010-2011'),
(61, '2010-07-06', '6', 'ASMI/61/2010-2011', 'D', 20451.00, 'Being Sale Bill no :ASMI/61/2010-2011'),
(62, '2010-07-07', '23', 'ASMI/62/2010-2011', 'D', 2868.00, 'Being Sale Bill no :ASMI/62/2010-2011'),
(63, '2010-07-07', '6', 'ASMI/63/2010-2011', 'D', 8058.00, 'Being Sale Bill no :ASMI/63/2010-2011'),
(64, '2010-07-08', '17', 'ASMI/64/2010-2011', 'D', 5712.00, 'Being Sale Bill no :ASMI/64/2010-2011'),
(65, '2010-07-09', '20', 'ASMI/65/2010-2011', 'D', 23658.00, 'Being Sale Bill no :ASMI/65/2010-2011'),
(66, '2010-07-10', '47', 'ASMI/66/2010-2011', 'D', 2700.00, 'Being Sale Bill no :ASMI/66/2010-2011'),
(67, '2010-07-10', '18', 'ASMI/67/2010-2011', 'D', 1688.00, 'Being Sale Bill no :ASMI/67/2010-2011'),
(68, '2010-07-12', '17', 'ASMI/68/2010-2011', 'D', 1080.00, 'Being Sale Bill no :ASMI/68/2010-2011'),
(69, '2010-07-12', '20', 'ASMI/69/2010-2011', 'D', 8538.00, 'Being Sale Bill no :ASMI/69/2010-2011'),
(70, '2010-07-15', '11', 'ASMI/70/2010-2011', 'D', 1110.00, 'Being Sale Bill no :ASMI/70/2010-2011'),
(71, '2010-07-22', '9', 'ASMI/73/2010-2011', 'D', 1352.00, 'Being Sale Bill no :ASMI/73/2010-2011'),
(72, '2010-07-17', '32', 'ASMI/71/2010-2011', 'D', 1800.00, 'Being Sale Bill no :ASMI/71/2010-2011'),
(73, '2010-07-17', '20', 'ASMI/72/2010-2011', 'D', 6995.00, 'Being Sale Bill no :ASMI/72/2010-2011'),
(74, '2010-07-22', '20', 'ASMI/74/2010-2011', 'D', 1484.00, 'Being Sale Bill no :ASMI/74/2010-2011'),
(75, '2010-07-22', '14', 'ASMI/75/2010-2011', 'D', 2980.00, 'Being Sale Bill no :ASMI/75/2010-2011'),
(76, '2010-07-23', '45', 'ASMI/76/2010-2011', 'D', 2979.00, 'Being Sale Bill no :ASMI/76/2010-2011'),
(77, '2010-07-23', '19', 'ASMI/77/2010-2011', 'D', 4050.00, 'Being Sale Bill no :ASMI/77/2010-2011'),
(78, '2010-07-23', '8', 'ASMI/78/2010-2011', 'D', 555.00, 'Being Sale Bill no :ASMI/78/2010-2011'),
(79, '2010-07-28', '20', 'ASMI/79/2010-2011', 'D', 4208.00, 'Being Sale Bill no :ASMI/79/2010-2011'),
(80, '2010-07-28', '14', 'ASMI/80/2010-2011', 'D', 444.00, 'Being Sale Bill no :ASMI/80/2010-2011'),
(81, '2010-07-28', '32', 'ASMI/81/2010-2011', 'D', 270.00, 'Being Sale Bill no :ASMI/81/2010-2011'),
(82, '2010-07-30', '32', 'ASMI/82/2010-2011', 'D', 495.00, 'Being Sale Bill no :ASMI/82/2010-2011'),
(83, '2010-08-04', '9', 'ASMI/83/2010-2011', 'D', 5128.00, 'Being Sale Bill no :ASMI/83/2010-2011'),
(84, '2010-08-05', '19', 'ASMI/84/2010-2011', 'D', 585.00, 'Being Sale Bill no :ASMI/84/2010-2011'),
(85, '2010-08-10', '19', 'ASMI/85/2010-2011', 'D', 16875.00, 'Being Sale Bill no :ASMI/85/2010-2011'),
(86, '2010-08-10', '18', 'ASMI/86/2010-2011', 'D', 1575.00, 'Being Sale Bill no :ASMI/86/2010-2011'),
(87, '2010-08-11', '20', 'ASMI/87/2010-2011', 'D', 340.00, 'Being Sale Bill no :ASMI/87/2010-2011'),
(88, '2010-08-12', '47', 'ASMI/88/2010-2011', 'D', 1710.00, 'Being Sale Bill no :ASMI/88/2010-2011'),
(89, '2010-08-14', '6', 'ASMI/89/2010-2011', 'D', 16371.00, 'Being Sale Bill no :ASMI/89/2010-2011'),
(90, '2010-08-16', '10', 'ASMI/90/2010-2011', 'D', 12612.00, 'Being Sale Bill no :ASMI/90/2010-2011'),
(91, '2010-08-17', '20', 'ASMI/91/2010-2011', 'D', 29900.00, 'Being Sale Bill no :ASMI/91/2010-2011'),
(92, '2010-08-18', '45', 'ASMI/92/2010-2011', 'D', 2398.00, 'Being Sale Bill no :ASMI/92/2010-2011'),
(93, '2010-08-18', '6', 'ASMI/93/2010-2011', 'D', 8520.00, 'Being Sale Bill no :ASMI/93/2010-2011'),
(94, '2010-08-21', '6', 'ASMI/94/2010-2011', 'D', 8160.00, 'Being Sale Bill no :ASMI/94/2010-2011'),
(95, '2010-08-26', '6', 'ASMI/95/2010-2011', 'D', 18815.00, 'Being Sale Bill no :ASMI/95/2010-2011'),
(96, '2010-08-30', '25', 'ASMI/96/2010-2011', 'D', 51089.00, 'Being Sale Bill no :ASMI/96/2010-2011'),
(97, '2010-08-30', '4', 'ASMI/97/2010-2011', 'D', 10341.00, 'Being Sale Bill no :ASMI/97/2010-2011'),
(98, '2010-08-30', '20', 'ASMI/98/2010-2011', 'D', 13646.00, 'Being Sale Bill no :ASMI/98/2010-2011'),
(99, '2010-08-31', '6', 'ASMI/99/2010-2011', 'D', 21338.00, 'Being Sale Bill no :ASMI/99/2010-2011'),
(100, '2010-08-31', '11', 'ASMI/100/2010-2011', 'D', 2435.00, 'Being Sale Bill no :ASMI/100/2010-2011'),
(101, '2010-09-04', '20', 'ASMI/101/2010-2011', 'D', 6039.00, 'Being Sale Bill no :ASMI/101/2010-2011'),
(102, '2010-09-15', '18', 'ASMI/102/2010-2011', 'D', 4613.00, 'Being Sale Bill no :ASMI/102/2010-2011'),
(103, '2010-09-18', '20', 'ASMI/103/2010-2011', 'D', 9648.00, 'Being Sale Bill no :ASMI/103/2010-2011'),
(104, '2010-09-20', '20', 'ASMI/104/2010-2011', 'D', 22766.00, 'Being Sale Bill no :ASMI/104/2010-2011'),
(105, '2010-09-25', '9', 'ASMI/105/2010-2011', 'D', 1670.00, 'Being Sale Bill no :ASMI/105/2010-2011'),
(106, '2010-09-27', '54', 'ASMI/106/2010-2011', 'D', 25628.00, 'Being Sale Bill no :ASMI/106/2010-2011'),
(107, '2010-09-28', '14', 'ASMI/107/2010-2011', 'D', 2448.00, 'Being Sale Bill no :ASMI/107/2010-2011'),
(108, '2010-09-28', '45', 'ASMI/108/2010-2011', 'D', 1334.00, 'Being Sale Bill no :ASMI/108/2010-2011'),
(109, '2010-09-30', '44', 'ASMI/109/2010-2011', 'D', 2535.00, 'Being Sale Bill no :ASMI/109/2010-2011'),
(110, '2010-09-30', '6', 'ASMI/110/2010-2011', 'D', 102000.00, 'Being Sale Bill no :ASMI/110/2010-2011'),
(111, '2010-10-05', '6', 'ASMI/111/2010-2011', 'D', 10620.00, 'Being Sale Bill no :ASMI/111/2010-2011'),
(112, '2010-10-06', '54', 'ASMI/112/2010-2011', 'D', 9000.00, 'Being Sale Bill no :ASMI/112/2010-2011'),
(113, '2010-10-08', '20', 'ASMI/113/2010-2011', 'D', 988.00, 'Being Sale Bill no :ASMI/113/2010-2011'),
(114, '2010-10-13', '6', 'ASMI/114/2010-2011', 'D', 31824.00, 'Being Sale Bill no :ASMI/114/2010-2011'),
(115, '2010-10-13', '20', 'ASMI/115/2010-2011', 'D', 21928.00, 'Being Sale Bill no :ASMI/115/2010-2011'),
(116, '2010-10-21', '20', 'ASMI/116/2010-2011', 'D', 9150.00, 'Being Sale Bill no :ASMI/116/2010-2011'),
(117, '2010-10-27', '6', 'ASMI/117/2010-2011', 'D', 25296.00, 'Being Sale Bill no :ASMI/117/2010-2011'),
(118, '2010-10-27', '19', 'ASMI/118/2010-2011', 'D', 16875.00, 'Being Sale Bill no :ASMI/118/2010-2011'),
(119, '2010-10-30', '20', 'ASMI/119/2010-2011', 'D', 6038.00, 'Being Sale Bill no :ASMI/119/2010-2011'),
(120, '2010-10-30', '25', 'ASMI/120/2010-2011', 'D', 59160.00, 'Being Sale Bill no :ASMI/120/2010-2011'),
(121, '2010-11-04', '8', 'ASMI/121/2010-2011', 'D', 16850.00, 'Being Sale Bill no :ASMI/121/2010-2011'),
(122, '2010-11-08', '8', 'ASMI/122/2010-2011', 'D', 13274.00, 'Being Sale Bill no :ASMI/122/2010-2011'),
(123, '2010-11-08', '47', 'ASMI/123/2010-2011', 'D', 5063.00, 'Being Sale Bill no :ASMI/123/2010-2011'),
(124, '2010-11-12', '20', 'ASMI/124/2010-2011', 'D', 1090.00, 'Being Sale Bill no :ASMI/124/2010-2011'),
(125, '2010-11-12', '9', 'ASMI/125/2010-2011', 'D', 1976.00, 'Being Sale Bill no :ASMI/125/2010-2011'),
(126, '2010-11-18', '20', 'ASMI/126/2010-2011', 'D', 7838.00, 'Being Sale Bill no :ASMI/126/2010-2011'),
(127, '2010-11-19', '25', 'ASMI/127/2010-2011', 'D', 43197.00, 'Being Sale Bill no :ASMI/127/2010-2011'),
(128, '2010-11-20', '20', 'ASMI/128/2010-2011', 'D', 2744.00, 'Being Sale Bill no :ASMI/128/2010-2011'),
(129, '2010-11-29', '19', 'ASMI/129/2010-2011', 'D', 17025.00, 'Being Sale Bill no :ASMI/129/2010-2011'),
(130, '2010-11-29', '8', 'ASMI/130/2010-2011', 'D', 15912.00, 'Being Sale Bill no :ASMI/130/2010-2011'),
(131, '2010-12-06', '14', 'ASMI/131/2010-2011', 'D', 20664.00, 'Being Sale Bill no :ASMI/131/2010-2011'),
(132, '2010-12-09', '20', 'ASMI/132/2010-2011', 'D', 2606.00, 'Being Sale Bill no :ASMI/132/2010-2011'),
(133, '2010-12-10', '20', 'ASMI/133/2010-2011', 'D', 10967.00, 'Being Sale Bill no :ASMI/133/2010-2011'),
(134, '2010-12-11', '54', 'ASMI/134/2010-2011', 'D', 12939.00, 'Being Sale Bill no :ASMI/134/2010-2011'),
(135, '2010-12-11', '6', 'ASMI/135/2010-2011', 'D', 9945.00, 'Being Sale Bill no :ASMI/135/2010-2011'),
(136, '2010-12-11', '14', 'ASMI/136/2010-2011', 'D', 16320.00, 'Being Sale Bill no :ASMI/136/2010-2011'),
(137, '2010-12-13', '19', 'ASMI/137/2010-2011', 'D', 4540.00, 'Being Sale Bill no :ASMI/137/2010-2011'),
(138, '2010-12-17', '9', 'ASMI/138/2010-2011', 'D', 5100.00, 'Being Sale Bill no :ASMI/138/2010-2011'),
(139, '2010-12-17', '14', 'ASMI/139/2010-2011', 'D', 16320.00, 'Being Sale Bill no :ASMI/139/2010-2011'),
(140, '2010-12-17', '20', 'ASMI/140/2010-2011', 'D', 16143.00, 'Being Sale Bill no :ASMI/140/2010-2011'),
(141, '2010-12-22', '61', 'ASMI/141/2010-2011', 'D', 2116.00, 'Being Sale Bill no :ASMI/141/2010-2011'),
(142, '2010-12-23', '6', 'ASMI/142/2010-2011', 'D', 15422.00, 'Being Sale Bill no :ASMI/142/2010-2011'),
(143, '2010-12-25', '14', 'ASMI/143/2010-2011', 'D', 21216.00, 'Being Sale Bill no :ASMI/143/2010-2011'),
(144, '2010-12-29', '20', 'ASMI/144/2010-2011', 'D', 12549.00, 'Being Sale Bill no :ASMI/144/2010-2011'),
(145, '2010-12-30', '6', 'ASMI/145/2010-2011', 'D', 22797.00, 'Being Sale Bill no :ASMI/145/2010-2011'),
(146, '2010-12-31', '10', 'ASMI/146/2010-2011', 'D', 11959.00, 'Being Sale Bill no :ASMI/146/2010-2011'),
(147, '2011-01-04', '14', 'ASMI/147/2010-2011', 'D', 9938.00, 'Being Sale Bill no :ASMI/147/2010-2011'),
(148, '2011-01-04', '11', 'ASMI/148/2010-2011', 'D', 8554.00, 'Being Sale Bill no :ASMI/148/2010-2011'),
(149, '2011-01-06', '20', 'ASMI/149/2010-2011', 'D', 4542.00, 'Being Sale Bill no :ASMI/149/2010-2011'),
(150, '2011-01-07', '20', 'ASMI/150/2010-2011', 'D', 6910.00, 'Being Sale Bill no :ASMI/150/2010-2011'),
(151, '2011-01-07', '62', 'ASMI/151/2010-2011', 'D', 5319.00, 'Being Sale Bill no :ASMI/151/2010-2011'),
(152, '2011-01-08', '61', 'ASMI/152/2010-2011', 'D', 4083.00, 'Being Sale Bill no :ASMI/152/2010-2011'),
(153, '2011-01-08', '20', 'ASMI/153/2010-2011', 'D', 1753.00, 'Being Sale Bill no :ASMI/153/2010-2011'),
(154, '2010-04-03', '42', 'ASMI/PUR/2/2010-2011', 'C', 1560.00, 'Being Purchase Bill no :ASMI/PUR/2/2010-2011'),
(155, '2010-04-01', '36', 'ASMI/PUR/1/2010-2011', 'C', 160.00, 'Being Purchase Bill no :ASMI/PUR/1/2010-2011'),
(156, '2010-04-13', '33', 'ASMI/PUR/3/2010-2011', 'C', 19544.00, 'Being Purchase Bill no :ASMI/PUR/3/2010-2011'),
(157, '2010-04-26', '25', 'ASMI/PUR/4/2010-2011', 'C', 210679.90, 'Being Purchase Bill no :ASMI/PUR/4/2010-2011'),
(158, '2010-04-27', '38', 'ASMI/PUR/5/2010-2011', 'C', 598.00, 'Being Purchase Bill no :ASMI/PUR/5/2010-2011'),
(159, '2010-04-30', '37', 'ASMI/PUR/6/2010-2011', 'C', 2880.00, 'Being Purchase Bill no :ASMI/PUR/6/2010-2011'),
(160, '2010-05-28', '52', 'ASMI/PUR/9/2010-2011', 'C', 611.52, 'Being Purchase Bill no :ASMI/PUR/9/2010-2011'),
(161, '2010-05-25', '38', 'ASMI/PUR/8/2010-2011', 'C', 3432.00, 'Being Purchase Bill no :ASMI/PUR/8/2010-2011'),
(162, '2010-05-08', '37', 'ASMI/PUR/7/2010-2011', 'C', 3960.00, 'Being Purchase Bill no :ASMI/PUR/7/2010-2011'),
(163, '2010-06-02', '53', 'ASMI/PUR/10/2010-2011', 'C', 1044.16, 'Being Purchase Bill no :ASMI/PUR/10/2010-2011'),
(164, '2010-06-30', '37', 'ASMI/PUR/11/2010-2011', 'C', 3960.00, 'Being Purchase Bill no :ASMI/PUR/11/2010-2011'),
(165, '2010-07-03', '35', 'ASMI/PUR/12/2010-2011', 'C', 123.75, 'Being Purchase Bill no :ASMI/PUR/12/2010-2011'),
(166, '2010-07-27', '35', 'ASMI/PUR/13/2010-2011', 'C', 123.75, 'Being Purchase Bill no :ASMI/PUR/13/2010-2011'),
(167, '2010-07-31', '37', 'ASMI/PUR/14/2010-2011', 'C', 3060.00, 'Being Purchase Bill no :ASMI/PUR/14/2010-2011'),
(168, '2010-08-03', '53', 'ASMI/PUR/15/2010-2011', 'C', 1909.44, 'Being Purchase Bill no :ASMI/PUR/15/2010-2011'),
(169, '2010-09-08', '34', 'ASMI/PUR/22/2010-2011', 'C', 25.00, 'Being Purchase Bill no :ASMI/PUR/22/2010-2011'),
(170, '2010-10-14', '56', 'ASMI/PUR/30/2010-2011', 'C', 560.00, 'Being Purchase Bill no :ASMI/PUR/30/2010-2011'),
(171, '2010-10-09', '56', 'ASMI/PUR/29/2010-2011', 'C', 560.00, 'Being Purchase Bill no :ASMI/PUR/29/2010-2011'),
(172, '2010-09-15', '37', 'ASMI/PUR/25/2010-2011', 'C', 3990.00, 'Being Purchase Bill no :ASMI/PUR/25/2010-2011'),
(173, '2010-10-07', '53', 'ASMI/PUR/28/2010-2011', 'C', 982.80, 'Being Purchase Bill no :ASMI/PUR/28/2010-2011'),
(174, '2010-10-05', '34', 'ASMI/PUR/27/2010-2011', 'C', 480.00, 'Being Purchase Bill no :ASMI/PUR/27/2010-2011'),
(175, '2010-10-01', '36', 'ASMI/PUR/26/2010-2011', 'C', 160.00, 'Being Purchase Bill no :ASMI/PUR/26/2010-2011'),
(176, '2010-08-31', '55', 'ASMI/PUR/20/2010-2011', 'C', 6038.40, 'Being Purchase Bill no :ASMI/PUR/20/2010-2011'),
(177, '2010-09-13', '42', 'ASMI/PUR/23/2010-2011', 'C', 1040.00, 'Being Purchase Bill no :ASMI/PUR/23/2010-2011'),
(178, '2010-09-14', '57', 'ASMI/PUR/24/2010-2011', 'C', 1254.40, 'Being Purchase Bill no :ASMI/PUR/24/2010-2011'),
(179, '2010-08-18', '58', 'ASMI/PUR/16/2010-2011', 'C', 57600.00, 'Being Purchase Bill no :ASMI/PUR/16/2010-2011'),
(180, '2010-08-23', '59', 'ASMI/PUR/17/2010-2011', 'C', 4212.00, 'Being Purchase Bill no :ASMI/PUR/17/2010-2011'),
(181, '2010-08-23', '60', 'ASMI/PUR/18/2010-2011', 'C', 3809.12, 'Being Purchase Bill no :ASMI/PUR/18/2010-2011'),
(182, '2010-08-27', '35', 'ASMI/PUR/19/2010-2011', 'C', 123.75, 'Being Purchase Bill no :ASMI/PUR/19/2010-2011'),
(183, '2010-08-31', '37', 'ASMI/PUR/21/2010-2011', 'C', 3990.00, 'Being Purchase Bill no :ASMI/PUR/21/2010-2011'),
(184, '2010-11-01', '56', 'ASMI/PUR/31/2010-2011', 'C', 1539.00, 'Being Purchase Bill no :ASMI/PUR/31/2010-2011'),
(185, '2010-09-14', '19', 'ASMI/VOU/68/2010-2011', 'C', 16875.00, 'Being Receipt #  :ASMI/VOU/68/2010-2011'),
(186, '2010-08-27', '8', 'ASMI/VOU/82/2010-2011', 'C', 15000.00, 'Being Receipt #  :ASMI/VOU/82/2010-2011'),
(187, '2010-09-20', '17', 'ASMI/VOU/74/2010-2011', 'C', 6792.00, 'Being Receipt #  :ASMI/VOU/74/2010-2011'),
(188, '2010-07-26', '20', 'ASMI/VOU/9/2010-2011', 'C', 12471.00, 'Being Receipt #  :ASMI/VOU/9/2010-2011'),
(189, '2010-07-26', '20', 'ASMI/VOU/10/2010-2011', 'C', 46070.00, 'Being Receipt #  :ASMI/VOU/10/2010-2011'),
(190, '2010-07-26', '20', 'ASMI/VOU/11/2010-2011', 'C', 46496.00, 'Being Receipt #  :ASMI/VOU/11/2010-2011'),
(191, '2010-08-09', '6', 'ASMI/VOU/31/2010-2011', 'C', 50152.00, 'Being Receipt #  :ASMI/VOU/31/2010-2011'),
(192, '2010-08-09', '6', 'ASMI/VOU/33/2010-2011', 'C', 14714.00, 'Being Receipt #  :ASMI/VOU/33/2010-2011'),
(193, '2010-07-26', '17', 'ASMI/VOU/14/2010-2011', 'C', 6209.00, 'Being Receipt #  :ASMI/VOU/14/2010-2011'),
(194, '2010-07-26', '14', 'ASMI/VOU/15/2010-2011', 'C', 10748.00, 'Being Receipt #  :ASMI/VOU/15/2010-2011'),
(195, '2010-07-26', '12', 'ASMI/VOU/16/2010-2011', 'C', 5100.00, 'Being Receipt #  :ASMI/VOU/16/2010-2011'),
(196, '2010-08-24', '10', 'ASMI/VOU/59/2010-2011', 'C', 11136.00, 'Being Receipt #  :ASMI/VOU/59/2010-2011'),
(197, '2010-08-25', '45', 'ASMI/VOU/60/2010-2011', 'C', 3475.00, 'Being Receipt #  :ASMI/VOU/60/2010-2011'),
(198, '2010-07-26', '11', 'ASMI/VOU/18/2010-2011', 'C', 10767.00, 'Being Receipt #  :ASMI/VOU/18/2010-2011'),
(199, '2010-07-26', '11', 'ASMI/VOU/19/2010-2011', 'C', 8962.00, 'Being Receipt #  :ASMI/VOU/19/2010-2011'),
(200, '2010-07-26', '19', 'ASMI/VOU/20/2010-2011', 'C', 8438.00, 'Being Receipt #  :ASMI/VOU/20/2010-2011'),
(201, '2010-07-26', '19', 'ASMI/VOU/21/2010-2011', 'C', 8438.00, 'Being Receipt #  :ASMI/VOU/21/2010-2011'),
(202, '2010-07-26', '19', 'ASMI/VOU/22/2010-2011', 'C', 1181.00, 'Being Receipt #  :ASMI/VOU/22/2010-2011'),
(203, '2010-07-26', '19', 'ASMI/VOU/23/2010-2011', 'C', 29476.00, 'Being Receipt #  :ASMI/VOU/23/2010-2011'),
(204, '2010-07-26', '19', 'ASMI/VOU/24/2010-2011', 'C', 18828.00, 'Being Receipt #  :ASMI/VOU/24/2010-2011'),
(205, '2010-07-26', '19', 'ASMI/VOU/25/2010-2011', 'C', 17685.00, 'Being Receipt #  :ASMI/VOU/25/2010-2011'),
(206, '2010-07-26', '31', 'ASMI/VOU/26/2010-2011', 'C', 10863.00, 'Being Receipt #  :ASMI/VOU/26/2010-2011'),
(207, '2010-07-26', '32', 'ASMI/VOU/27/2010-2011', 'C', 532.00, 'Being Receipt #  :ASMI/VOU/27/2010-2011'),
(208, '2010-07-26', '32', 'ASMI/VOU/29/2010-2011', 'C', 1890.00, 'Being Receipt #  :ASMI/VOU/29/2010-2011'),
(209, '2010-07-26', '32', 'ASMI/VOU/30/2010-2011', 'C', 2413.00, 'Being Receipt #  :ASMI/VOU/30/2010-2011'),
(210, '2010-08-09', '6', 'ASMI/VOU/34/2010-2011', 'C', 109650.00, 'Being Receipt #  :ASMI/VOU/34/2010-2011'),
(211, '2010-08-09', '19', 'ASMI/VOU/35/2010-2011', 'C', 4050.00, 'Being Receipt #  :ASMI/VOU/35/2010-2011'),
(212, '2010-08-09', '19', 'ASMI/VOU/36/2010-2011', 'C', 585.00, 'Being Receipt #  :ASMI/VOU/36/2010-2011'),
(213, '2010-08-09', '15', 'ASMI/VOU/37/2010-2011', 'C', 6638.00, 'Being Receipt #  :ASMI/VOU/37/2010-2011'),
(214, '2010-08-09', '18', 'ASMI/VOU/38/2010-2011', 'C', 2700.00, 'Being Receipt #  :ASMI/VOU/38/2010-2011'),
(215, '2010-08-09', '18', 'ASMI/VOU/39/2010-2011', 'C', 1688.00, 'Being Receipt #  :ASMI/VOU/39/2010-2011'),
(216, '2010-08-09', '32', 'ASMI/VOU/40/2010-2011', 'C', 1800.00, 'Being Receipt #  :ASMI/VOU/40/2010-2011'),
(217, '2010-07-26', '32', 'ASMI/VOU/41/2010-2011', 'C', 270.00, 'Being Receipt #  :ASMI/VOU/41/2010-2011'),
(218, '2010-08-09', '32', 'ASMI/VOU/42/2010-2011', 'C', 495.00, 'Being Receipt #  :ASMI/VOU/42/2010-2011'),
(219, '2010-08-09', '23', 'ASMI/VOU/43/2010-2011', 'C', 1739.00, 'Being Receipt #  :ASMI/VOU/43/2010-2011'),
(220, '2010-08-09', '23', 'ASMI/VOU/44/2010-2011', 'C', 2889.00, 'Being Receipt #  :ASMI/VOU/44/2010-2011'),
(221, '2010-08-09', '23', 'ASMI/VOU/45/2010-2011', 'C', 2868.00, 'Being Receipt #  :ASMI/VOU/45/2010-2011'),
(222, '2010-08-09', '43', 'ASMI/VOU/46/2010-2011', 'C', 1488.00, 'Being Receipt #  :ASMI/VOU/46/2010-2011'),
(223, '2010-08-09', '43', 'ASMI/VOU/47/2010-2011', 'C', 1829.00, 'Being Receipt #  :ASMI/VOU/47/2010-2011'),
(224, '2010-08-09', '44', 'ASMI/VOU/48/2010-2011', 'C', 762.00, 'Being Receipt #  :ASMI/VOU/48/2010-2011'),
(225, '2010-07-26', '44', 'ASMI/VOU/50/2010-2011', 'C', 3771.00, 'Being Receipt #  :ASMI/VOU/50/2010-2011'),
(226, '2010-08-09', '45', 'ASMI/VOU/51/2010-2011', 'C', 1772.00, 'Being Receipt #  :ASMI/VOU/51/2010-2011'),
(227, '2010-08-09', '45', 'ASMI/VOU/52/2010-2011', 'C', 4150.00, 'Being Receipt #  :ASMI/VOU/52/2010-2011'),
(228, '2010-08-09', '46', 'ASMI/VOU/53/2010-2011', 'C', 887.00, 'Being Receipt #  :ASMI/VOU/53/2010-2011'),
(229, '2010-08-09', '47', 'ASMI/VOU/54/2010-2011', 'C', 1238.00, 'Being Receipt #  :ASMI/VOU/54/2010-2011'),
(230, '2010-08-09', '48', 'ASMI/VOU/55/2010-2011', 'C', 4331.00, 'Being Receipt #  :ASMI/VOU/55/2010-2011'),
(231, '2010-08-09', '49', 'ASMI/VOU/56/2010-2011', 'C', 2510.00, 'Being Receipt #  :ASMI/VOU/56/2010-2011'),
(232, '2010-08-21', '32', 'ASMI/VOU/57/2010-2011', 'C', 2449.00, 'Being Receipt #  :ASMI/VOU/57/2010-2011'),
(233, '2010-08-21', '18', 'ASMI/VOU/58/2010-2011', 'C', 1575.00, 'Being Receipt #  :ASMI/VOU/58/2010-2011'),
(234, '2010-08-25', '45', 'ASMI/VOU/62/2010-2011', 'C', 1902.00, 'Being Receipt #  :ASMI/VOU/62/2010-2011'),
(235, '2010-08-27', '6', 'ASMI/VOU/63/2010-2011', 'C', 74919.00, 'Being Receipt #  :ASMI/VOU/63/2010-2011'),
(236, '2010-06-04', '8', 'ASMI/VOU/79/2010-2011', 'C', 10000.00, 'Being Receipt #  :ASMI/VOU/79/2010-2011'),
(237, '2010-09-10', '20', 'ASMI/VOU/67/2010-2011', 'C', 12866.00, 'Being Receipt #  :ASMI/VOU/67/2010-2011'),
(238, '2010-09-20', '11', 'ASMI/VOU/75/2010-2011', 'C', 3545.00, 'Being Receipt #  :ASMI/VOU/75/2010-2011'),
(239, '1970-01-01', '18', 'ASMI/VOU/76/2010-2011', 'C', 4613.00, 'Being Receipt #  :ASMI/VOU/76/2010-2011'),
(240, '2010-09-24', '20', 'ASMI/VOU/77/2010-2011', 'C', 44883.00, 'Being Receipt #  :ASMI/VOU/77/2010-2011'),
(241, '2010-09-16', '4', 'ASMI/VOU/78/2010-2011', 'C', 10341.00, 'Being Receipt #  :ASMI/VOU/78/2010-2011'),
(242, '1970-01-01', '8', 'ASMI/VOU/83/2010-2011', 'C', 15249.00, 'Being Receipt #  :ASMI/VOU/83/2010-2011'),
(243, '2010-09-28', '45', 'ASMI/VOU/84/2010-2011', 'C', 1334.00, 'Being Receipt #  :ASMI/VOU/84/2010-2011'),
(244, '2010-09-29', '54', 'ASMI/VOU/85/2010-2011', 'C', 25628.00, 'Being Receipt #  :ASMI/VOU/85/2010-2011'),
(245, '2010-09-25', '6', 'ASMI/VOU/86/2010-2011', 'C', 73204.00, 'Being Receipt #  :ASMI/VOU/86/2010-2011'),
(246, '1970-01-01', '9', 'ASMI/VOU/96/2010-2011', 'C', 6540.00, 'Being Receipt #  :ASMI/VOU/96/2010-2011'),
(247, '2010-09-30', '44', 'ASMI/VOU/89/2010-2011', 'C', 2535.00, 'Being Receipt #  :ASMI/VOU/89/2010-2011'),
(248, '2010-10-06', '47', 'ASMI/VOU/90/2010-2011', 'C', 4410.00, 'Being Receipt #  :ASMI/VOU/90/2010-2011'),
(249, '2010-10-04', '10', 'ASMI/VOU/91/2010-2011', 'C', 12612.00, 'Being Receipt #  :ASMI/VOU/91/2010-2011'),
(250, '2010-10-07', '54', 'ASMI/VOU/92/2010-2011', 'C', 9000.00, 'Being Receipt #  :ASMI/VOU/92/2010-2011'),
(251, '2010-10-15', '14', 'ASMI/VOU/93/2010-2011', 'C', 5872.00, 'Being Receipt #  :ASMI/VOU/93/2010-2011'),
(252, '2010-10-29', '20', 'ASMI/VOU/94/2010-2011', 'C', 43886.00, 'Being Receipt #  :ASMI/VOU/94/2010-2011'),
(253, '2010-11-04', '6', 'ASMI/VOU/95/2010-2011', 'C', 112620.00, 'Being Receipt #  :ASMI/VOU/95/2010-2011'),
(254, '1970-01-01', '9', 'ASMI/VOU/99/2010-2011', 'C', 3646.00, 'Being Receipt #  :ASMI/VOU/99/2010-2011'),
(255, '2010-11-23', '19', 'ASMI/VOU/100/2010-2011', 'C', 16875.00, 'Being Receipt #  :ASMI/VOU/100/2010-2011'),
(256, '2010-12-03', '20', 'ASMI/VOU/101/2010-2011', 'C', 38453.00, 'Being Receipt #  :ASMI/VOU/101/2010-2011'),
(257, '2010-12-03', '6', 'ASMI/VOU/102/2010-2011', 'C', 24939.00, 'Being Receipt #  :ASMI/VOU/102/2010-2011'),
(258, '2010-12-25', '8', 'ASMI/VOU/103/2010-2011', 'C', 16850.00, 'Being Receipt #  :ASMI/VOU/103/2010-2011'),
(259, '2010-12-25', '6', 'ASMI/VOU/104/2010-2011', 'C', 31824.00, 'Being Receipt #  :ASMI/VOU/104/2010-2011'),
(260, '2010-12-16', '19', 'ASMI/VOU/105/2010-2011', 'C', 17025.00, 'Being Receipt #  :ASMI/VOU/105/2010-2011'),
(261, '2010-12-11', '47', 'ASMI/VOU/106/2010-2011', 'C', 5063.00, 'Being Receipt #  :ASMI/VOU/106/2010-2011'),
(262, '2010-12-27', '20', 'ASMI/VOU/107/2010-2011', 'C', 38104.00, 'Being Receipt #  :ASMI/VOU/107/2010-2011'),
(263, '2010-12-30', '19', 'ASMI/VOU/108/2010-2011', 'C', 4540.00, 'Being Receipt #  :ASMI/VOU/108/2010-2011');

-- --------------------------------------------------------

--
-- Table structure for table `party_master`
--

DROP TABLE IF EXISTS `party_master`;
CREATE TABLE IF NOT EXISTS `party_master` (
  `party_id` bigint(20) NOT NULL AUTO_INCREMENT,
  `party_code` varchar(255) NOT NULL DEFAULT '',
  `party_name` varchar(255) NOT NULL DEFAULT '',
  `party_address` text NOT NULL,
  `party_phone` varchar(25) NOT NULL,
  `party_mobile` varchar(12) NOT NULL DEFAULT '',
  `party_vat_no` varchar(255) NOT NULL DEFAULT '',
  `party_vat_pcent` varchar(255) NOT NULL DEFAULT '',
  `party_cst_no` varchar(255) NOT NULL DEFAULT '',
  `party_cst_pcent` varchar(255) NOT NULL DEFAULT '',
  `party_pan_no` varchar(255) NOT NULL DEFAULT '',
  `party_tax_deposit` varchar(255) NOT NULL DEFAULT '',
  `party_type` enum('Both','Customer','Vendor') NOT NULL DEFAULT 'Customer',
  `credit_limit` varchar(255) NOT NULL,
  PRIMARY KEY (`party_id`)
) ENGINE=MyISAM  DEFAULT CHARSET=latin1 AUTO_INCREMENT=63 ;

--
-- Dumping data for table `party_master`
--

INSERT INTO `party_master` (`party_id`, `party_code`, `party_name`, `party_address`, `party_phone`, `party_mobile`, `party_vat_no`, `party_vat_pcent`, `party_cst_no`, `party_cst_pcent`, `party_pan_no`, `party_tax_deposit`, `party_type`, `credit_limit`) VALUES
(4, '001', 'M/S BANSAL SALES CORPORATION', 'FLAT NO.1,RIYANKA APPT.\r\nOPP.YAMUNANAGAR BUS STOP,\r\nNEAR MINA HOUSE,SAHU NAGAR,\r\nNASIK-400 008', '2379962', '9373912768', '', '', '27840044785C', '2', '', '', 'Customer', ''),
(5, '002', 'M/S BANSAL SCIENTIFIC EQUIPMENTS', 'G-22,MIDC SHIKALTHANA,\r\nNEAR INTERNATIONAL CONVERS LTD.,AURANGABAD-431 210', '2481837', '9325213073', '', '', '27250047874', '2', '', '', 'Customer', ''),
(6, '003', 'M/S GLASSCO LABORATORY EQUIPMENTS', 'MANGLAI,P.O.KHUDDAKALAN,\r\nAMBALA CANTT.-133 004', '6451250,2891633', '', '', '', '06371011607', '2', '', '', 'Customer', ''),
(7, '004', 'M/S GLASSCO LABORATORY INSTRUMENTS', '2587 BEHIND SD PUBLIC SCHOOL,\r\nAMBALA CANTT.-133 001', '3291429', '', '', '', '06951044559', '2', '', '', 'Customer', ''),
(8, '005', 'M/S GUPTA SCIENTIFIC INDUSTRIES', '3703/1,NEAR S.D.MANDIR,\r\nAMBALA CANTT.-133 001', '2631837', '9215675673', '', '', '06731010051', '2', '', '', 'Customer', ''),
(9, '006', 'M/S J-SIL TRADING CORPORATION', '21-29,POPATWADI,\r\nKALBADEVI ROAD,\r\nMUMBAI-400 002', '22057568', '9820013172', '', '', '27640010848C', '2', '', '', 'Customer', ''),
(10, '007', 'M/S MALHOTRA SCIENTIFIC GLASS WORKS', 'HARGOLAL ROAD,\r\nAMBALA CANTT.-133 001', '2641081', '9896241585', '', '', '06551006852', '2', '', '', 'Customer', ''),
(11, '008', 'M/S MOHINDRA GLASS INDUSTRIES', '4-U-A,CHADHABHAWAN,\r\nJAWAHAR NAGAR,\r\nDELHI-110 007', '23853859', '9811338298', '', '', '07890060656', '2', '', '', 'Customer', ''),
(12, '009', 'M/S PARAS INSTRUMENTS CO.', '1426,SIKLIGARH MOHALLA,\r\nAMBALA CANTT.-133 001', '2644663', '', '', '', '06951024868', '2', '', '', 'Customer', ''),
(13, '010', 'M/S POPULAR SCIENTIFIC APPARATUS WORKSHOP', '3724,OPP.KALIBARI MANDIR,\r\nAMBALA CANTT.-133 001', '2600082', '9416020462', '', '', '06621013458', '2', '', '', 'Customer', ''),
(14, '011', 'M/S RAC EXPORTS', '14,POOJA VIHAR,\r\nKARDHAN ROAD,\r\nAMBALA CANTT.-133 001', '3293762', '9315100690', '', '', '06271044739', '2', '', '', 'Customer', ''),
(15, '012', 'M/S S.B.SCIENTIFIC WORKS', '14,RANI SANKARI LANE,\r\nKOLKATA-700 026', '24863334', '', '196004060', '13.5', '', '', '', '', 'Customer', ''),
(16, '013', 'M/S SARADA GLASS & CHEMICALS', '33,DIXON LANE,\r\nSEALDAH,KOLKATA-700 014', '22270387', '9830425794', '19532027089', '13.5', '', '', '', '', 'Customer', ''),
(17, '014', 'M/S SCIENTIFIC APTTS.MFG.CO.', 'BLOCK NO.1,3RD FLOOR,\r\nMOHATTA BHAWAN,\r\nOPP.DR.E.MOSES ROAD,\r\nWORLI,MUMBAI-400 018', '24923775', '', '', '', '27350019204V', '2', '', '', 'Customer', ''),
(18, '015', 'M/S SCIENTIFIC GLASS WORKS.', '138/11,NARKELDANGA MAIN ROAD,\r\nKOLKATA-700 011', '9903576956', '', '19381342092', '13.5', '', '', '', '', 'Customer', ''),
(19, '016', 'M/S SCIENTIFIC INSTRUMENT MANUFACTURING COMPANY', '3,SASTITALA ROAD,\r\nKOLKATA-700 011', '23541719', '9831023719', '19380011017', '13.5', '', '', '', '', 'Customer', ''),
(20, '017', 'M/S SINTREX CORPORATION', 'BHAGWANDAS PUNJABHAI,\r\n51/53 POPATWADI,2ND FLOOR,\r\nROOM NO.-16,KALBADEVI ROAD,\r\nMUMBAI-400 002', '22081999', '9821293914', '', '', '27020284147', '2', '', '', 'Customer', ''),
(21, '018', 'M/S SYSTEM & SERVICES', 'B-20 PARAMANU NAGAR,\r\nSECTOR-4,VASHI,\r\nNAVI MUMBAI-400 703', '27821648', '9322229671', '', '', '27860326850C', '2', '', '10.5', 'Customer', ''),
(22, '019', 'M/S VIKRAM SCIENTIFIC GLASS WORKS', 'VILLAGE KHOJKIPUR,\r\nNEAR JALGHAR INDUSTRIAL AREA,\r\nAMBALA CANTT.-133 006', '2699905', '9416375310', '', '', '06921044430', '2', '', '', 'Customer', ''),
(23, '020', 'M/S VIKRANT SCIENTIFIC CO.', '39/A,CANAL WEST ROAD,\r\nKOLKATA-700 004', '25552990', '', '19370732094', '13.5', '', '', '', '', 'Customer', ''),
(24, '021', 'M/S VINAY TRADING COMPANY', '3493,DURGA CHARAN ROAD,\r\nAMBALA-133 001', '2642821', '', '', '', '06031008302', '2', '', '', 'Customer', ''),
(25, '022', 'M/S J-SIL SCIENTIFIC INDUSTRIES', '48-B,INDUSTRIAL ESTATE,NUNHAI,\r\nAGRA-282006', '2281967', '', '', '', '09200500185', '2', '', '', 'Both', ''),
(31, '023', 'M/S GUPTA AGENCIES', '5341,PUNJABI MOHALLA,\r\nAMBALA CANTT.-133001', '2643058, 2642016', '', '', '', '06591025745', '2', '', '', 'Customer', ''),
(32, '024', 'M/S S.B. SCIENTIFIC CONCERN', '47/C,ANANDA PALIT ROAD,KOLKATA-700 014.', '22178448', '9836623435', '19400607027', '13.5', '', '', '', '', 'Customer', ''),
(33, '025', 'M/S RAKSHIT METAL WORKS', '41-A/33,MURARI PUKUR ROAD,KOLKATA-700 067', '9433212763', '', '', '', '', '', '', '', 'Vendor', ''),
(34, '026', 'M/S THE PROFESSIONAL COURIER', '206,A.P.C BOSE ROAD,KOLKATA-700 004', '25552688', '', '', '', '', '', '', '', 'Vendor', ''),
(35, '027', 'M/S LUCKY ACID & CHEMICAL WORKS PVT. LTD', '226A/H/21 & 23,BAGMARI ROAD,KOLKATA-700 054', '24180572', '', '19380030029', '12.5', '', '', '', '', 'Vendor', ''),
(36, '028', 'M/S SADHU AND SONS ELECTRICAL WORKS', '109,KHUDIRAM BOSE SARANI,KOLKATA-700 004', '9432137160', '', '', '', '', '', '', '', 'Vendor', ''),
(37, '029', 'M/S CHANDI MATA WELDING WORKS', '98,SATIN SEN SARANI,KOLKATA-700 054', '23519431', '', '', '', '', '', '', '', 'Vendor', ''),
(38, '030', 'M/S DEYS ENGINEERING CONCERN', '46,NATABAR PAUL ROAD,KADAMTALA,HOWRAH-711 101', '26670799', '', '19693136038', '4', '19693136232', '', '', '', 'Vendor', ''),
(39, '031', 'M/S S.S. TRANSPORT CO. & COMMISSION AGENCY', 'NUNHAI LINK ROAD,SITA NAGAR,RAMBAG,AGRA-282 006', '3963364', '', '', '', '', '', '', '', 'Vendor', ''),
(40, '032', 'M/S DTECH SYSTEM', '4/1,BHABANATH SEN STREET,KOLKATA-700 004', '25329093', '9830491601', '', '', '', '', '', '', 'Vendor', ''),
(43, '035', 'M/S GLASS WORKS', '16/5B,MURARI PUKUR ROAD,KOLKATA-700 067', '23564142', '9433677937', '19381896018', '13.5', '', '', '', '', 'Customer', ''),
(42, '033', 'M/S SALEHBHOY ABBASBHOY & CO.', '34,STRAND ROAD,KOLKATA-700 001', '22432141', '', '19280056009', '4', '', '', '', '', 'Vendor', ''),
(44, '036', 'M/S SCIENTIFIC INSTRUMENT SUPPLIERS CO.', '1/76,BIPLABI BARIN GHOSH SARANI,KOLKATA-700 067', '9830136264', '', '19381342092', '13.5', '', '', '', '', 'Customer', ''),
(45, '037', 'M/S TROPICAL ENTERPRISES', '11B,JADU MITRA LANE,KOLKATA-700 004', '9874419505', '', '19370731027', '13.5', '', '', '', '', 'Customer', ''),
(46, '038', 'M/S  K. SCIENTIFIC INDUSRIES', '11,ULTADANGA ROAD, KOLKATA- 700 004', '2555 9309', '9432086443', '19370072009', '13.5', '', '', '', '', 'Customer', ''),
(47, '039', 'M/S AJANTA ENTERPRISE', '109A,RAJA DINENDRA STREET,KOLKATA-700004', '9830381066', '', '19350664055', '13.5', '', '', '', '', 'Customer', ''),
(48, '040', 'M/S ALLIED SCIENTIFIC CO.', '243/2A,A.P.C. ROAD,KOLKATA-700 006', '9231330355', '', '1350506042', '13.5', '', '', '', '', 'Customer', ''),
(49, '041', 'M/S KAUSHIK SCIENTIFIC CONCERN', '3A/H/1,NIROD BEHARI MULLICK ROAD, KOLKATA-700 006.', '9883061326', '', '', '13.5', '', '', '', '', 'Customer', ''),
(50, '042', 'M/S BHUPENDRA SHAH & CO.', '44, EZRA STREET,P.O.BOX-2654,KOLKATA-700 001', '22350737', '', '19570035084', '12.5', '', '', 'AADFB-1280E', '', 'Both', ''),
(51, '043', 'M/S ARIN INDUSTRIAL CORPORATION', 'SHANTIBAN BUILDING CB 1/3,RAIL PUKUR ROAD,DESH BANDHU NAGAR,BAGUIHATI,KOLKATA-700059', '25769304', '9007886348', '19678212006', '12.5', '19678212297', '', '', '', 'Vendor', ''),
(52, '044', 'M/S GANDHI & GANDHI CO.', '138,BIPLABI RASH BEHARI BASU ROAD,(CANNING STREET)GROUND FLOOR,BACK SIDE,KOLKATA-700 001', '22431331', '9830028788', '19280419080', '4', '', '', '', '', 'Vendor', ''),
(53, '045', 'M/S T.B.K.ENTERPRISERS', '10B,BHABANATH SEN STREET,KOLKATA-700004', '25545343', '', '19300167019', '4', '', '', '', '', 'Vendor', ''),
(54, '046', 'M/S NEMICHAND BAMALWA & SONS', '16A,SHAKESPEARE SARANI,3RD FLOOR,KOLKATA700 071.', '.', '.', '.', '13.5', '', '', '', '', 'Customer', ''),
(55, '047', 'M/S JAIN SCIENTIFIC GLASS WORKS', '14,INDUSTRIAL ESTATE ,AMBALA CANTT-133 006', '2698184', '', '', '', '06751000437', '2', '', '', 'Vendor', ''),
(56, '048', 'M/S MANASASREE AUTO CRAFTS', '182B,A.P.C.ROAD,KOLKATA-700004', '25554049', '', '19371948086', '', '', '', '', '', 'Vendor', ''),
(57, '049', 'M/S OSTER CHEMICAL & PHARMACEUTICAL WORKS PVT.LTD.', '124/4A, MANICKTOLA STREET,KOLKATA-700 006', '23508577', '', '19310605092', '4', '19310605286', '', '', '', 'Vendor', ''),
(58, '050', 'M/S ARIN INDUSTRIAL CORPORATION', 'SHANTIBAN BUILDINH CB 1/3,RAIL PUKUR ROAD,DESH BANDHU NAGAR,BAGUIATI,KOLKATA-700059', '25769304', '9007886348', '19678212006', '12.5', '', '', '', '', 'Vendor', ''),
(59, '051', 'M/S PELICAN RUBBER INDUSTRIES', '26,STRAND ROAD,KOLKATA-700001', '22300213', '9831124676', '19490088072', '4', '', '', '', '', 'Vendor', ''),
(60, '052', 'M/S BHUPENDRA SHAH & CO.', '44,EZRA STREET,P.O.BOX-2654\r\nKOLKATA-700001', '22350737', '', '19570035084', '12.5', '', '', '', '', 'Vendor', ''),
(61, '053', 'M/S SREE RAMA SCIENTIFIC GLASS WORKS', '#2-3-720/2/25/44,BESIDE SREE PACKING COMPANY,GANGA NAGAR AMBERPET,HYDRABAD-500013', '27405026', '09949073332', '', '', 'SEC/09/02/2778/98-99', '2', '', '', 'Customer', ''),
(62, '054', 'M/S JAIN SCIENTIFIC GLASSWORKS', '14,INDUSTRIAL ESTATE,AMBALA CANTT. 133 006.', '0171-2698184', '', '06751000437', '', 'AMB/CST/437', '2', '', '', 'Both', '');

-- --------------------------------------------------------

--
-- Table structure for table `purchase_order`
--

DROP TABLE IF EXISTS `purchase_order`;
CREATE TABLE IF NOT EXISTS `purchase_order` (
  `purchase_order_id` bigint(20) NOT NULL AUTO_INCREMENT,
  `purchase_bill_no` varchar(255) NOT NULL,
  `purchase_order_date` date NOT NULL DEFAULT '0000-00-00',
  `purchase_order_amount` varchar(255) NOT NULL DEFAULT '',
  `party_id` varchar(20) NOT NULL,
  `invoice_no` varchar(20) NOT NULL,
  `doc_no` varchar(20) NOT NULL,
  `doc_date` date NOT NULL DEFAULT '0000-00-00',
  `vat` double(10,2) NOT NULL,
  `freight` double(10,2) NOT NULL,
  `discount` double(10,2) NOT NULL,
  `cst` double(10,2) NOT NULL,
  `adjustment_amount` double(10,2) NOT NULL,
  `net_amount` double(10,2) NOT NULL,
  `narration` text NOT NULL,
  PRIMARY KEY (`purchase_order_id`)
) ENGINE=MyISAM  DEFAULT CHARSET=latin1 AUTO_INCREMENT=34 ;

--
-- Dumping data for table `purchase_order`
--

INSERT INTO `purchase_order` (`purchase_order_id`, `purchase_bill_no`, `purchase_order_date`, `purchase_order_amount`, `party_id`, `invoice_no`, `doc_no`, `doc_date`, `vat`, `freight`, `discount`, `cst`, `adjustment_amount`, `net_amount`, `narration`) VALUES
(1, 'ASMI/PUR/2/2010-2011', '2010-04-03', '1500', '42', '', '10-11/26', '2010-04-03', 60.00, 0.00, 0.00, 0.00, 0.00, 1560.00, ''),
(2, 'ASMI/PUR/1/2010-2011', '2010-04-01', '160', '36', '', '293', '2010-04-01', 0.00, 0.00, 0.00, 0.00, 0.00, 160.00, ''),
(4, 'ASMI/PUR/3/2010-2011', '2010-04-13', '19544', '33', '', '32057', '2010-04-13', 0.00, 0.00, 0.00, 0.00, 0.00, 19544.00, ''),
(6, 'ASMI/PUR/4/2010-2011', '2010-04-26', '196745', '25', '', '055', '2010-04-26', 0.00, 10000.00, 0.00, 3934.90, 0.00, 210679.90, ''),
(7, 'ASMI/PUR/5/2010-2011', '2010-04-27', '575', '38', '', 'DEC/3/2010-11', '2010-04-27', 23.00, 0.00, 0.00, 0.00, 0.00, 598.00, ''),
(8, 'ASMI/PUR/6/2010-2011', '2010-04-30', '2880', '37', '', '02/10-11', '2010-04-30', 0.00, 0.00, 0.00, 0.00, 0.00, 2880.00, ''),
(9, 'ASMI/PUR/9/2010-2011', '2010-05-28', '588', '52', '', '108', '2010-05-28', 23.52, 0.00, 0.00, 0.00, 0.00, 611.52, ''),
(10, 'ASMI/PUR/8/2010-2011', '2010-05-25', '3300', '38', '', 'DEC/14/2010-11', '2010-05-25', 132.00, 0.00, 0.00, 0.00, 0.00, 3432.00, ''),
(11, 'ASMI/PUR/7/2010-2011', '2010-05-08', '3960', '37', '', '7/10-11', '2010-05-31', 0.00, 0.00, 0.00, 0.00, 0.00, 3960.00, ''),
(12, 'ASMI/PUR/10/2010-2011', '2010-06-02', '1004', '53', '', '3123', '2010-06-02', 40.16, 0.00, 0.00, 0.00, 0.00, 1044.16, ''),
(13, 'ASMI/PUR/11/2010-2011', '2010-06-30', '3960', '37', '', '11/10-11', '2010-06-12', 0.00, 0.00, 0.00, 0.00, 0.00, 3960.00, ''),
(14, 'ASMI/PUR/12/2010-2011', '2010-07-03', '110', '35', '', '12306', '2010-07-03', 13.75, 0.00, 0.00, 0.00, 0.00, 123.75, ''),
(15, 'ASMI/PUR/13/2010-2011', '2010-07-27', '110', '35', '', '12370', '2010-07-27', 13.75, 0.00, 0.00, 0.00, 0.00, 123.75, ''),
(16, 'ASMI/PUR/14/2010-2011', '2010-07-31', '3060', '37', '', '17/10-11', '2010-07-31', 0.00, 0.00, 0.00, 0.00, 0.00, 3060.00, ''),
(17, 'ASMI/PUR/15/2010-2011', '2010-08-03', '1836', '53', '', '4077', '2010-08-03', 73.44, 0.00, 0.00, 0.00, 0.00, 1909.44, ''),
(18, 'ASMI/PUR/22/2010-2011', '2010-09-08', '25', '34', '', '4596129', '2010-09-08', 0.00, 0.00, 0.00, 0.00, 0.00, 25.00, ''),
(19, 'ASMI/PUR/30/2010-2011', '2010-10-14', '560', '56', '', '37917', '2010-10-14', 0.00, 0.00, 0.00, 0.00, 0.00, 560.00, ''),
(20, 'ASMI/PUR/29/2010-2011', '2010-10-09', '560', '56', '', '29228', '2010-10-09', 0.00, 0.00, 0.00, 0.00, 0.00, 560.00, ''),
(21, 'ASMI/PUR/25/2010-2011', '2010-09-15', '3990', '37', '', '24/10-11', '2010-09-30', 0.00, 0.00, 0.00, 0.00, 0.00, 3990.00, ''),
(22, 'ASMI/PUR/28/2010-2011', '2010-10-07', '945', '53', '', '4727', '2010-10-07', 37.80, 0.00, 0.00, 0.00, 0.00, 982.80, ''),
(23, 'ASMI/PUR/27/2010-2011', '2010-10-05', '480', '34', '', '4597637', '2010-10-05', 0.00, 0.00, 0.00, 0.00, 0.00, 480.00, ''),
(24, 'ASMI/PUR/26/2010-2011', '2010-10-01', '160', '36', '', '392', '2010-10-01', 0.00, 0.00, 0.00, 0.00, 0.00, 160.00, ''),
(25, 'ASMI/PUR/20/2010-2011', '2010-08-31', '5920', '55', '', '3834-T', '2010-08-31', 0.00, 0.00, 0.00, 118.40, 0.00, 6038.40, ''),
(26, 'ASMI/PUR/23/2010-2011', '2010-09-13', '1000', '42', '', '617', '2010-09-13', 40.00, 0.00, 0.00, 0.00, 0.00, 1040.00, ''),
(27, 'ASMI/PUR/24/2010-2011', '2010-09-14', '1960', '57', '', '128', '2010-09-14', 78.40, 0.00, 784.00, 0.00, 0.00, 1254.40, ''),
(28, 'ASMI/PUR/16/2010-2011', '2010-08-18', '51200', '58', '', '39', '2010-08-18', 6400.00, 0.00, 0.00, 0.00, 0.00, 57600.00, ''),
(29, 'ASMI/PUR/17/2010-2011', '2010-08-23', '4050', '59', '', '121/8/2010-2011', '2010-08-23', 162.00, 0.00, 0.00, 0.00, 0.00, 4212.00, ''),
(30, 'ASMI/PUR/18/2010-2011', '2010-08-23', '4353', '60', '', '72522', '2010-08-23', 544.12, 0.00, 1088.00, 0.00, 0.00, 3809.12, ''),
(31, 'ASMI/PUR/19/2010-2011', '2010-08-27', '110', '35', '', '12449', '2010-08-27', 13.75, 0.00, 0.00, 0.00, 0.00, 123.75, ''),
(32, 'ASMI/PUR/21/2010-2011', '2010-08-31', '3990', '37', '', '19/10-11', '2010-08-12', 0.00, 0.00, 0.00, 0.00, 0.00, 3990.00, ''),
(33, 'ASMI/PUR/31/2010-2011', '2010-11-01', '1539', '56', '', '33726', '2010-11-01', 0.00, 0.00, 0.00, 0.00, 0.00, 1539.00, '');

-- --------------------------------------------------------

--
-- Table structure for table `purchase_order_details`
--

DROP TABLE IF EXISTS `purchase_order_details`;
CREATE TABLE IF NOT EXISTS `purchase_order_details` (
  `purchase_order_detail_id` bigint(20) NOT NULL AUTO_INCREMENT,
  `purchase_order_id` varchar(20) NOT NULL,
  `item_id` varchar(20) NOT NULL,
  `item_qty` double NOT NULL DEFAULT '0',
  `item_unit` varchar(20) NOT NULL,
  `item_rate` double(10,2) NOT NULL,
  `item_amount` double(10,2) NOT NULL,
  `capacity` varchar(20) NOT NULL,
  `category` varchar(20) DEFAULT NULL,
  `free` varchar(20) NOT NULL,
  `replace` varchar(20) NOT NULL,
  `item_decription` text,
  PRIMARY KEY (`purchase_order_detail_id`)
) ENGINE=MyISAM  DEFAULT CHARSET=latin1 AUTO_INCREMENT=44 ;

--
-- Dumping data for table `purchase_order_details`
--

INSERT INTO `purchase_order_details` (`purchase_order_detail_id`, `purchase_order_id`, `item_id`, `item_qty`, `item_unit`, `item_rate`, `item_amount`, `capacity`, `category`, `free`, `replace`, `item_decription`) VALUES
(1, '', '274', 10, '7', 150.00, 1500.00, '.', '.', '', '', ''),
(2, '', '275', 2, '4', 80.00, 160.00, '.', '.', '', '', ''),
(3, '', '212', 349, '4', 56.00, 19544.00, '47MM', '.', '', '', ''),
(4, '', '212', 349, '4', 56.00, 19544.00, '47MM', '.', '', '', ''),
(5, '6', '350', 2287, '7', 65.00, 148655.00, '.', '.', '', '', 'SMALL SIZE'),
(6, '6', '350', 501, '7', 90.00, 45090.00, '.', '.', '', '', 'BIG SIZE'),
(7, '6', '351', 12, '4', 250.00, 3000.00, '2000ML', '.', '', '', 'PLAIN'),
(8, '7', '279', 1, '4', 275.00, 275.00, '.', '.', '', '', 'B-29'),
(9, '7', '279', 1, '4', 300.00, 300.00, '.', '.', '', '', 'B-34'),
(10, '8', '272', 16, '4', 180.00, 2880.00, '.', '.', '', '', ''),
(11, '9', '352', 6, '4', 80.00, 480.00, '35MM', '.', '', '', ''),
(12, '9', '353', 6, '4', 18.00, 108.00, '19 MM', '.', '', '', ''),
(13, '10', '355', 5, '4', 80.00, 400.00, '.', '.', '', '', 'S-29'),
(14, '10', '355', 5, '4', 90.00, 450.00, '.', '.', '', '', 'S-35'),
(15, '10', '354', 1, '4', 750.00, 750.00, '.', '.', '', '', 'S-19 CUP'),
(16, '10', '354', 1, '4', 800.00, 800.00, '.', '.', '', '', 'S-35 CUP'),
(17, '10', '354', 1, '4', 900.00, 900.00, '.', '.', '', '', 'S-35 BALL'),
(18, '11', '272', 22, '4', 180.00, 3960.00, '.', '.', '', '', ''),
(19, '12', '273', 1, '4', 1004.00, 1004.00, '.', '.', '', '', ''),
(20, '13', '272', 22, '4', 180.00, 3960.00, '.', '.', '', '', ''),
(21, '14', '281', 1, '8', 110.00, 110.00, '.', '.', '', '', ''),
(22, '15', '281', 1, '8', 110.00, 110.00, '.', '.', '', '', ''),
(23, '16', '272', 17, '4', 180.00, 3060.00, '.', '.', '', '', ''),
(24, '17', '273', 2, '4', 918.00, 1836.00, '.', '.', '', '', ''),
(25, '18', '362', 1, '4', 25.00, 25.00, '.', '.', '', '', ''),
(26, '19', '371', 10, '9', 56.00, 560.00, '.', '.', '', '', ''),
(27, '20', '371', 10, '9', 56.00, 560.00, '.', '.', '', '', ''),
(28, '21', '272', 21, '4', 190.00, 3990.00, '.', '.', '', '', ''),
(29, '22', '273', 1, '4', 945.00, 945.00, '.', '.', '', '', ''),
(30, '23', '362', 1, '4', 480.00, 480.00, '.', '.', '', '', ''),
(31, '24', '275', 2, '4', 80.00, 160.00, '.', '.', '', '', ''),
(32, '25', '363', 2, '4', 1500.00, 3000.00, '5000ML', '.', '', '', ''),
(33, '25', '364', 12, '4', 220.00, 2640.00, '1000ML', '.', '', '', ''),
(34, '25', '381', 1, '4', 250.00, 250.00, '.', '.', '', '', ''),
(35, '25', '380', 1, '4', 30.00, 30.00, '.', '.', '', '', ''),
(36, '26', '274', 5, '7', 200.00, 1000.00, '.', '.', '', '', ''),
(37, '27', '382', 1, '9', 1960.00, 1960.00, '.', '.', '', '', 'LR 1180'),
(38, '28', '350', 512, '7', 100.00, 51200.00, '.', '.', '', '', '100 mm'),
(39, '29', '282', 135, '4', 30.00, 4050.00, '.', '.', '', '', ''),
(40, '30', '363', 1, '4', 4353.00, 4353.00, '5000ML', '.', '', '', ''),
(41, '31', '281', 1, '8', 110.00, 110.00, '.', '.', '', '', ''),
(42, '32', '272', 21, '4', 190.00, 3990.00, '.', '.', '', '', ''),
(43, '33', '371', 27, '9', 57.00, 1539.00, '.', '.', '', '', '');

-- --------------------------------------------------------

--
-- Table structure for table `purchase_return`
--

DROP TABLE IF EXISTS `purchase_return`;
CREATE TABLE IF NOT EXISTS `purchase_return` (
  `purchase_return_id` bigint(20) NOT NULL AUTO_INCREMENT,
  `purchase_return_no` varchar(255) NOT NULL,
  `purchase_return_date` date NOT NULL DEFAULT '0000-00-00',
  `purchase_return_amount` varchar(255) NOT NULL DEFAULT '',
  `party_id` varchar(20) NOT NULL,
  `invoice_no` varchar(20) NOT NULL,
  `purchase_order_id` varchar(20) NOT NULL,
  PRIMARY KEY (`purchase_return_id`)
) ENGINE=MyISAM DEFAULT CHARSET=latin1 AUTO_INCREMENT=1 ;

--
-- Dumping data for table `purchase_return`
--


-- --------------------------------------------------------

--
-- Table structure for table `purchase_return_details`
--

DROP TABLE IF EXISTS `purchase_return_details`;
CREATE TABLE IF NOT EXISTS `purchase_return_details` (
  `purchase_return_detail_id` bigint(20) NOT NULL AUTO_INCREMENT,
  `purchase_return_id` varchar(20) NOT NULL,
  `item_id` varchar(20) NOT NULL,
  `item_qty` double NOT NULL DEFAULT '0',
  `item_unit` varchar(20) NOT NULL,
  `item_rate` double(10,2) NOT NULL,
  `item_amount` double(10,2) NOT NULL,
  PRIMARY KEY (`purchase_return_detail_id`)
) ENGINE=MyISAM DEFAULT CHARSET=latin1 AUTO_INCREMENT=1 ;

--
-- Dumping data for table `purchase_return_details`
--


-- --------------------------------------------------------

--
-- Table structure for table `receipt_payment`
--

DROP TABLE IF EXISTS `receipt_payment`;
CREATE TABLE IF NOT EXISTS `receipt_payment` (
  `receipt_payment_id` bigint(20) NOT NULL AUTO_INCREMENT,
  `receipt_payment_no` varchar(255) NOT NULL,
  `receipt_payment_date` date NOT NULL DEFAULT '0000-00-00',
  `receipt_payment_amount` varchar(255) NOT NULL DEFAULT '',
  `party_id` varchar(20) NOT NULL,
  `rp_status` enum('R','P') NOT NULL DEFAULT 'R',
  `transaction_mode` enum('Cash','Cheque') NOT NULL DEFAULT 'Cash',
  `cheque_no` varchar(20) NOT NULL DEFAULT '',
  `cheque_date` date NOT NULL DEFAULT '0000-00-00',
  `bank_name` varchar(255) NOT NULL DEFAULT '',
  `value_date` date NOT NULL DEFAULT '0000-00-00',
  `remarks` text NOT NULL,
  `fin_year` int(4) NOT NULL,
  PRIMARY KEY (`receipt_payment_id`)
) ENGINE=MyISAM  DEFAULT CHARSET=latin1 AUTO_INCREMENT=109 ;

--
-- Dumping data for table `receipt_payment`
--

INSERT INTO `receipt_payment` (`receipt_payment_id`, `receipt_payment_no`, `receipt_payment_date`, `receipt_payment_amount`, `party_id`, `rp_status`, `transaction_mode`, `cheque_no`, `cheque_date`, `bank_name`, `value_date`, `remarks`, `fin_year`) VALUES
(73, 'ASMI/VOU/68/2010-2011', '2010-09-14', '16875', '19', 'R', 'Cheque', '693566', '2010-09-13', '', '2010-09-16', '', 2010),
(82, 'ASMI/VOU/82/2010-2011', '2010-08-27', '15000', '8', 'R', 'Cheque', '00005235', '2010-08-27', '', '2010-09-01', '', 2010),
(74, 'ASMI/VOU/74/2010-2011', '2010-09-20', '6792', '17', 'R', 'Cheque', '700973', '2010-09-16', '', '2010-09-20', '', 2010),
(9, 'ASMI/VOU/9/2010-2011', '2010-07-26', '12471', '20', 'R', 'Cheque', 'N.E.F.T', '2010-05-29', '', '1970-01-01', '', 2010),
(10, 'ASMI/VOU/10/2010-2011', '2010-07-26', '46070', '20', 'R', 'Cheque', 'N.E.F.T', '2010-06-30', '', '1970-01-01', '', 2010),
(11, 'ASMI/VOU/11/2010-2011', '2010-07-26', '46496', '20', 'R', 'Cheque', 'N.E.F.T', '2010-07-23', '', '1970-01-01', '', 2010),
(32, 'ASMI/VOU/31/2010-2011', '2010-08-09', '50152', '6', 'R', 'Cheque', '00952389', '2010-06-25', '', '1970-01-01', '', 2010),
(33, 'ASMI/VOU/33/2010-2011', '2010-08-09', '14714', '6', 'R', 'Cheque', 'cheque', '2010-06-09', '', '1970-01-01', '', 2010),
(14, 'ASMI/VOU/14/2010-2011', '2010-07-26', '6209', '17', 'R', 'Cheque', '946236', '2010-07-17', '', '1970-01-01', '', 2010),
(15, 'ASMI/VOU/15/2010-2011', '2010-07-26', '10748', '14', 'R', 'Cheque', '215837', '2010-06-04', '', '1970-01-01', '', 2010),
(16, 'ASMI/VOU/16/2010-2011', '2010-07-26', '5100', '12', 'R', 'Cheque', '041780', '2010-04-08', '', '1970-01-01', '', 2010),
(59, 'ASMI/VOU/59/2010-2011', '2010-08-24', '11136', '10', 'R', 'Cheque', '050080', '2010-05-28', '', '2010-05-31', '', 2010),
(61, 'ASMI/VOU/60/2010-2011', '2010-08-25', '3475', '45', 'R', 'Cheque', '269589', '2010-08-24', '', '2010-08-27', '', 2010),
(18, 'ASMI/VOU/18/2010-2011', '2010-07-26', '10767', '11', 'R', 'Cheque', '331832', '2010-04-22', '', '1970-01-01', '', 2010),
(19, 'ASMI/VOU/19/2010-2011', '2010-07-26', '8962', '11', 'R', 'Cheque', '301325', '2010-07-08', '', '1970-01-01', '', 2010),
(20, 'ASMI/VOU/20/2010-2011', '2010-07-26', '8438', '19', 'R', 'Cheque', '693522', '2010-04-29', '', '1970-01-01', '', 2010),
(21, 'ASMI/VOU/21/2010-2011', '2010-07-26', '8438', '19', 'R', 'Cheque', '693526', '2010-05-11', '', '1970-01-01', '', 2010),
(22, 'ASMI/VOU/22/2010-2011', '2010-07-26', '1181', '19', 'R', 'Cash', '', '1970-01-01', '', '1970-01-01', '', 2010),
(23, 'ASMI/VOU/23/2010-2011', '2010-07-26', '29476', '19', 'R', 'Cheque', '693533', '2010-06-01', '', '1970-01-01', '', 2010),
(24, 'ASMI/VOU/24/2010-2011', '2010-07-26', '18828', '19', 'R', 'Cheque', '693539', '2010-07-10', '', '1970-01-01', '', 2010),
(25, 'ASMI/VOU/25/2010-2011', '2010-07-26', '17685', '19', 'R', 'Cheque', '693543', '2010-07-10', '', '1970-01-01', '', 2010),
(26, 'ASMI/VOU/26/2010-2011', '2010-07-26', '10863', '31', 'R', 'Cheque', '08803', '2010-07-06', '', '1970-01-01', '', 2010),
(28, 'ASMI/VOU/27/2010-2011', '2010-07-26', '532', '32', 'R', 'Cash', '', '1970-01-01', '', '1970-01-01', '', 2010),
(29, 'ASMI/VOU/29/2010-2011', '2010-07-26', '1890', '32', 'R', 'Cheque', '089073', '2010-06-26', '', '1970-01-01', '', 2010),
(30, 'ASMI/VOU/30/2010-2011', '2010-07-26', '2413', '32', 'R', 'Cheque', '089094', '2010-07-10', '', '1970-01-01', '', 2010),
(34, 'ASMI/VOU/34/2010-2011', '2010-08-09', '109650', '6', 'R', 'Cheque', 'cheque', '2010-07-31', '', '1970-01-01', '', 2010),
(35, 'ASMI/VOU/35/2010-2011', '2010-08-09', '4050', '19', 'R', 'Cheque', '693557', '2010-08-03', '', '1970-01-01', '', 2010),
(36, 'ASMI/VOU/36/2010-2011', '2010-08-09', '585', '19', 'R', 'Cash', '', '1970-01-01', '', '1970-01-01', 'dated 05.08.10', 2010),
(37, 'ASMI/VOU/37/2010-2011', '2010-08-09', '6638', '15', 'R', 'Cheque', '130274', '2010-08-03', '', '1970-01-01', '', 2010),
(38, 'ASMI/VOU/38/2010-2011', '2010-08-09', '2700', '18', 'R', 'Cheque', '151294', '2010-05-07', '', '1970-01-01', '', 2010),
(39, 'ASMI/VOU/39/2010-2011', '2010-08-09', '1688', '18', 'R', 'Cheque', '310776', '2010-07-10', '', '1970-01-01', '', 2010),
(40, 'ASMI/VOU/40/2010-2011', '2010-08-09', '1800', '32', 'R', 'Cheque', '783201', '2010-07-19', '', '1970-01-01', '', 2010),
(41, 'ASMI/VOU/41/2010-2011', '2010-07-26', '270', '32', 'R', 'Cash', '', '1970-01-01', '', '1970-01-01', '', 2010),
(42, 'ASMI/VOU/42/2010-2011', '2010-08-09', '495', '32', 'R', 'Cash', '', '1970-01-01', '', '1970-01-01', '', 2010),
(43, 'ASMI/VOU/43/2010-2011', '2010-08-09', '1739', '23', 'R', 'Cheque', '677582', '2010-05-17', '', '1970-01-01', '', 2010),
(44, 'ASMI/VOU/44/2010-2011', '2010-08-09', '2889', '23', 'R', 'Cheque', '677586', '2010-05-19', '', '1970-01-01', '', 2010),
(45, 'ASMI/VOU/45/2010-2011', '2010-08-09', '2868', '23', 'R', 'Cheque', '677739', '2010-07-10', '', '1970-01-01', '', 2010),
(46, 'ASMI/VOU/46/2010-2011', '2010-08-09', '1488', '43', 'R', 'Cash', '', '2010-05-13', '', '1970-01-01', '', 2010),
(47, 'ASMI/VOU/47/2010-2011', '2010-08-09', '1829', '43', 'R', 'Cheque', '108068', '2010-05-31', '', '1970-01-01', '', 2010),
(49, 'ASMI/VOU/48/2010-2011', '2010-08-09', '762', '44', 'R', 'Cheque', '488973', '2010-05-18', '', '1970-01-01', '', 2010),
(50, 'ASMI/VOU/50/2010-2011', '2010-07-26', '3771', '44', 'R', 'Cheque', '488979', '2010-06-21', '', '1970-01-01', '', 2010),
(51, 'ASMI/VOU/51/2010-2011', '2010-08-09', '1772', '45', 'R', 'Cheque', '269557', '2010-05-28', '', '1970-01-01', '', 2010),
(52, 'ASMI/VOU/52/2010-2011', '2010-08-09', '4150', '45', 'R', 'Cheque', '269564', '2010-06-15', '', '1970-01-01', '', 2010),
(53, 'ASMI/VOU/53/2010-2011', '2010-08-09', '887', '46', 'R', 'Cash', '', '1970-01-01', '', '1970-01-01', '', 2010),
(54, 'ASMI/VOU/54/2010-2011', '2010-08-09', '1238', '47', 'R', 'Cash', '', '1970-01-01', '', '1970-01-01', '', 2010),
(55, 'ASMI/VOU/55/2010-2011', '2010-08-09', '4331', '48', 'R', 'Cheque', '955031', '2010-06-15', '', '1970-01-01', '', 2010),
(56, 'ASMI/VOU/56/2010-2011', '2010-08-09', '2510', '49', 'R', 'Cheque', '087422', '2010-06-21', '', '1970-01-01', '', 2010),
(57, 'ASMI/VOU/57/2010-2011', '2010-08-21', '2449', '32', 'R', 'Cheque', '783223', '2010-08-11', '', '2010-08-13', '', 2010),
(58, 'ASMI/VOU/58/2010-2011', '2010-08-21', '1575', '18', 'R', 'Cheque', '310790', '2010-08-10', '', '2010-08-12', '', 2010),
(62, 'ASMI/VOU/62/2010-2011', '2010-08-25', '1902', '45', 'R', 'Cash', '', '1970-01-01', '', '1970-01-01', 'BY CREDIT NOTE,REFUND TO THE PARTY FOR M-34 TUBE', 2010),
(64, 'ASMI/VOU/63/2010-2011', '2010-08-27', '74919', '6', 'R', 'Cheque', '00823320', '2010-08-26', '', '2010-08-30', '', 2010),
(81, 'ASMI/VOU/79/2010-2011', '2010-06-04', '10000', '8', 'R', 'Cheque', '035197', '2010-05-31', '', '2010-06-04', '', 2010),
(67, 'ASMI/VOU/67/2010-2011', '2010-09-10', '12866', '20', 'R', 'Cheque', 'N.E.F.T', '2010-08-30', 'INDIAN BANK', '2010-08-30', '', 2010),
(75, 'ASMI/VOU/75/2010-2011', '2010-09-20', '3545', '11', 'R', 'Cheque', '304616', '2010-09-20', '', '2010-09-23', '', 2010),
(76, 'ASMI/VOU/76/2010-2011', '1970-01-01', '4613', '18', 'R', 'Cheque', '312464', '2010-09-20', '', '2010-09-23', '', 2010),
(77, 'ASMI/VOU/77/2010-2011', '2010-09-24', '44883', '20', 'R', 'Cheque', 'N.E.F.T', '2010-09-23', '', '2010-09-23', '', 2010),
(78, 'ASMI/VOU/78/2010-2011', '2010-09-16', '10341', '4', 'R', 'Cheque', '00104890', '2010-09-16', '', '2010-09-20', '', 2010),
(83, 'ASMI/VOU/83/2010-2011', '1970-01-01', '15249', '8', 'R', 'Cheque', '00104577', '2010-09-24', '', '2010-09-27', '', 2010),
(84, 'ASMI/VOU/84/2010-2011', '2010-09-28', '1334', '45', 'R', 'Cheque', '269599', '2010-09-28', '', '2010-10-01', '', 2010),
(85, 'ASMI/VOU/85/2010-2011', '2010-09-29', '25628', '54', 'R', 'Cash', '', '1970-01-01', '', '1970-01-01', '', 2010),
(86, 'ASMI/VOU/86/2010-2011', '2010-09-25', '73204', '6', 'R', 'Cheque', '009956', '2010-09-25', '', '2010-09-29', '', 2010),
(98, 'ASMI/VOU/96/2010-2011', '1970-01-01', '6540', '9', 'R', 'Cheque', '011536', '2010-09-30', '', '2010-10-05', '', 2010),
(89, 'ASMI/VOU/89/2010-2011', '2010-09-30', '2535', '44', 'R', 'Cheque', '488995', '2010-09-30', '', '2010-10-04', '', 2010),
(90, 'ASMI/VOU/90/2010-2011', '2010-10-06', '4410', '47', 'R', 'Cheque', '989105', '2010-10-06', '', '2010-10-09', '', 2010),
(91, 'ASMI/VOU/91/2010-2011', '2010-10-04', '12612', '10', 'R', 'Cheque', '088300', '2010-09-29', '', '2010-10-04', '', 2010),
(92, 'ASMI/VOU/92/2010-2011', '2010-10-07', '9000', '54', 'R', 'Cash', '', '1970-01-01', '', '1970-01-01', '', 2010),
(93, 'ASMI/VOU/93/2010-2011', '2010-10-15', '5872', '14', 'R', 'Cheque', '00103809', '2010-10-15', '', '2010-10-18', '', 2010),
(94, 'ASMI/VOU/94/2010-2011', '2010-10-29', '43886', '20', 'R', 'Cheque', 'N.E.F.T', '2010-10-29', '', '2010-10-29', '', 2010),
(95, 'ASMI/VOU/95/2010-2011', '2010-11-04', '112620', '6', 'R', 'Cheque', '00486309', '2010-11-03', '', '2010-11-06', '', 2010),
(99, 'ASMI/VOU/99/2010-2011', '1970-01-01', '3646', '9', 'R', 'Cheque', '011543', '2010-11-23', '', '2010-11-25', '', 2010),
(100, 'ASMI/VOU/100/2010-2011', '2010-11-23', '16875', '19', 'R', 'Cheque', '69358', '2010-10-30', '', '2010-11-23', '', 2010),
(101, 'ASMI/VOU/101/2010-2011', '2010-12-03', '38453', '20', 'R', 'Cheque', '00511218', '2010-12-03', '', '2010-12-06', '', 2010),
(102, 'ASMI/VOU/102/2010-2011', '2010-12-03', '24939', '6', 'R', 'Cheque', '00866405', '2010-12-03', '', '2010-12-06', '', 2010),
(103, 'ASMI/VOU/103/2010-2011', '2010-12-25', '16850', '8', 'R', 'Cheque', '131180', '2010-12-25', '', '2010-12-28', '', 2010),
(104, 'ASMI/VOU/104/2010-2011', '2010-12-25', '31824', '6', 'R', 'Cheque', '398304', '2010-12-25', '', '2010-12-28', '', 2010),
(105, 'ASMI/VOU/105/2010-2011', '2010-12-16', '17025', '19', 'R', 'Cheque', '693593', '2010-12-16', '', '2010-12-20', '', 2010),
(106, 'ASMI/VOU/106/2010-2011', '2010-12-11', '5063', '47', 'R', 'Cash', '', '1970-01-01', '', '1970-01-01', '', 2010),
(107, 'ASMI/VOU/107/2010-2011', '2010-12-27', '38104', '20', 'R', 'Cheque', '00511230', '2010-12-27', '', '2010-12-30', '', 2010),
(108, 'ASMI/VOU/108/2010-2011', '2010-12-30', '4540', '19', 'R', 'Cheque', '788105', '2010-12-25', '', '2010-12-30', '', 2010);

-- --------------------------------------------------------

--
-- Table structure for table `receipt_payment_details`
--

DROP TABLE IF EXISTS `receipt_payment_details`;
CREATE TABLE IF NOT EXISTS `receipt_payment_details` (
  `receipt_payment_detail_id` bigint(20) NOT NULL AUTO_INCREMENT,
  `receipt_payment_id` varchar(20) NOT NULL,
  `bill_no` varchar(20) NOT NULL,
  `bill_type` enum('SO','PO','SR','PR') NOT NULL DEFAULT 'SO',
  `amount_paid` double(10,2) NOT NULL,
  PRIMARY KEY (`receipt_payment_detail_id`)
) ENGINE=MyISAM  DEFAULT CHARSET=latin1 AUTO_INCREMENT=737 ;

--
-- Dumping data for table `receipt_payment_details`
--

INSERT INTO `receipt_payment_details` (`receipt_payment_detail_id`, `receipt_payment_id`, `bill_no`, `bill_type`, `amount_paid`) VALUES
(75, '10', 'ASMI/6/2010-2011', 'SO', 12718.00),
(74, '10', 'ASMI/3/2010-2011', 'SO', 16455.00),
(73, '10', 'ASMI/2/2010-2011', 'SO', 0.00),
(72, '9', 'ASMI/74/2010-2011', 'SO', 0.00),
(71, '9', 'ASMI/72/2010-2011', 'SO', 0.00),
(70, '9', 'ASMI/69/2010-2011', 'SO', 0.00),
(69, '9', 'ASMI/65/2010-2011', 'SO', 0.00),
(68, '9', 'ASMI/56/2010-2011', 'SO', 0.00),
(67, '9', 'ASMI/55/2010-2011', 'SO', 0.00),
(66, '9', 'ASMI/51/2010-2011', 'SO', 0.00),
(65, '9', 'ASMI/46/2010-2011', 'SO', 0.00),
(64, '9', 'ASMI/39/2010-2011', 'SO', 0.00),
(63, '9', 'ASMI/37/2010-2011', 'SO', 0.00),
(62, '9', 'ASMI/25/2010-2011', 'SO', 0.00),
(61, '9', 'ASMI/19/2010-2011', 'SO', 0.00),
(60, '9', 'ASMI/12/2010-2011', 'SO', 0.00),
(59, '9', 'ASMI/8/2010-2011', 'SO', 0.00),
(58, '9', 'ASMI/6/2010-2011', 'SO', 0.00),
(57, '9', 'ASMI/3/2010-2011', 'SO', 0.00),
(56, '9', 'ASMI/2/2010-2011', 'SO', 12471.00),
(417, '73', 'ASMI/27/2010-2011', 'SO', 0.00),
(416, '73', 'ASMI/22/2010-2011', 'SO', 0.00),
(415, '73', 'ASMI/13/2010-2011', 'SO', 0.00),
(414, '73', 'ASMI/9/2010-2011', 'SO', 0.00),
(471, '82', 'ASMI/21/2010-2011', 'SO', 2229.00),
(470, '82', 'ASMI/7/2010-2011', 'SO', 12771.00),
(76, '10', 'ASMI/8/2010-2011', 'SO', 8973.00),
(77, '10', 'ASMI/12/2010-2011', 'SO', 7924.00),
(78, '10', 'ASMI/19/2010-2011', 'SO', 0.00),
(79, '10', 'ASMI/25/2010-2011', 'SO', 0.00),
(80, '10', 'ASMI/37/2010-2011', 'SO', 0.00),
(81, '10', 'ASMI/39/2010-2011', 'SO', 0.00),
(82, '10', 'ASMI/46/2010-2011', 'SO', 0.00),
(83, '10', 'ASMI/51/2010-2011', 'SO', 0.00),
(84, '10', 'ASMI/55/2010-2011', 'SO', 0.00),
(85, '10', 'ASMI/56/2010-2011', 'SO', 0.00),
(86, '10', 'ASMI/65/2010-2011', 'SO', 0.00),
(87, '10', 'ASMI/69/2010-2011', 'SO', 0.00),
(88, '10', 'ASMI/72/2010-2011', 'SO', 0.00),
(89, '10', 'ASMI/74/2010-2011', 'SO', 0.00),
(90, '11', 'ASMI/2/2010-2011', 'SO', 0.00),
(91, '11', 'ASMI/3/2010-2011', 'SO', 0.00),
(92, '11', 'ASMI/6/2010-2011', 'SO', 0.00),
(93, '11', 'ASMI/8/2010-2011', 'SO', 0.00),
(94, '11', 'ASMI/12/2010-2011', 'SO', 0.00),
(95, '11', 'ASMI/19/2010-2011', 'SO', 15160.00),
(96, '11', 'ASMI/25/2010-2011', 'SO', 14870.00),
(97, '11', 'ASMI/37/2010-2011', 'SO', 4416.00),
(98, '11', 'ASMI/39/2010-2011', 'SO', 12050.00),
(99, '11', 'ASMI/46/2010-2011', 'SO', 0.00),
(100, '11', 'ASMI/51/2010-2011', 'SO', 0.00),
(101, '11', 'ASMI/55/2010-2011', 'SO', 0.00),
(102, '11', 'ASMI/56/2010-2011', 'SO', 0.00),
(103, '11', 'ASMI/65/2010-2011', 'SO', 0.00),
(104, '11', 'ASMI/69/2010-2011', 'SO', 0.00),
(105, '11', 'ASMI/72/2010-2011', 'SO', 0.00),
(106, '11', 'ASMI/74/2010-2011', 'SO', 0.00),
(226, '32', 'ASMI/61/2010-2011', 'SO', 0.00),
(225, '32', 'ASMI/57/2010-2011', 'SO', 0.00),
(224, '32', 'ASMI/48/2010-2011', 'SO', 0.00),
(223, '32', 'ASMI/45/2010-2011', 'SO', 662.00),
(222, '32', 'ASMI/43/2010-2011', 'SO', 0.00),
(221, '32', 'ASMI/35/2010-2011', 'SO', 0.00),
(220, '32', 'ASMI/20/2010-2011', 'SO', 0.00),
(219, '32', 'ASMI/14/2010-2011', 'SO', 0.00),
(218, '32', 'ASMI/11/2010-2011', 'SO', 49490.00),
(234, '33', 'ASMI/48/2010-2011', 'SO', 0.00),
(233, '33', 'ASMI/45/2010-2011', 'SO', 0.00),
(232, '33', 'ASMI/43/2010-2011', 'SO', 0.00),
(231, '33', 'ASMI/35/2010-2011', 'SO', 0.00),
(230, '33', 'ASMI/20/2010-2011', 'SO', 5738.00),
(229, '33', 'ASMI/14/2010-2011', 'SO', 8976.00),
(228, '33', 'ASMI/11/2010-2011', 'SO', 0.00),
(227, '32', 'ASMI/63/2010-2011', 'SO', 0.00),
(127, '14', 'ASMI/34/2010-2011', 'SO', 6209.00),
(128, '14', 'ASMI/64/2010-2011', 'SO', 0.00),
(129, '14', 'ASMI/68/2010-2011', 'SO', 0.00),
(130, '15', 'ASMI/16/2010-2011', 'SO', 9078.00),
(131, '15', 'ASMI/29/2010-2011', 'SO', 1670.00),
(132, '15', 'ASMI/75/2010-2011', 'SO', 0.00),
(133, '16', 'ASMI/1/2010-2011', 'SO', 5100.00),
(335, '59', 'ASMI/4/2010-2011', 'SO', 11136.00),
(135, '18', 'ASMI/5/2010-2011', 'SO', 10767.00),
(136, '18', 'ASMI/52/2010-2011', 'SO', 0.00),
(137, '18', 'ASMI/70/2010-2011', 'SO', 0.00),
(138, '19', 'ASMI/5/2010-2011', 'SO', 0.00),
(139, '19', 'ASMI/52/2010-2011', 'SO', 8962.00),
(140, '19', 'ASMI/70/2010-2011', 'SO', 0.00),
(141, '20', 'ASMI/9/2010-2011', 'SO', 8438.00),
(142, '20', 'ASMI/13/2010-2011', 'SO', 0.00),
(143, '20', 'ASMI/22/2010-2011', 'SO', 0.00),
(144, '20', 'ASMI/27/2010-2011', 'SO', 0.00),
(145, '20', 'ASMI/36/2010-2011', 'SO', 0.00),
(146, '20', 'ASMI/40/2010-2011', 'SO', 0.00),
(147, '20', 'ASMI/50/2010-2011', 'SO', 0.00),
(148, '20', 'ASMI/60/2010-2011', 'SO', 0.00),
(149, '20', 'ASMI/77/2010-2011', 'SO', 0.00),
(150, '21', 'ASMI/9/2010-2011', 'SO', 0.00),
(151, '21', 'ASMI/13/2010-2011', 'SO', 8438.00),
(152, '21', 'ASMI/22/2010-2011', 'SO', 0.00),
(153, '21', 'ASMI/27/2010-2011', 'SO', 0.00),
(154, '21', 'ASMI/36/2010-2011', 'SO', 0.00),
(155, '21', 'ASMI/40/2010-2011', 'SO', 0.00),
(156, '21', 'ASMI/50/2010-2011', 'SO', 0.00),
(157, '21', 'ASMI/60/2010-2011', 'SO', 0.00),
(158, '21', 'ASMI/77/2010-2011', 'SO', 0.00),
(159, '22', 'ASMI/9/2010-2011', 'SO', 0.00),
(160, '22', 'ASMI/13/2010-2011', 'SO', 0.00),
(161, '22', 'ASMI/22/2010-2011', 'SO', 0.00),
(162, '22', 'ASMI/27/2010-2011', 'SO', 1181.00),
(163, '22', 'ASMI/36/2010-2011', 'SO', 0.00),
(164, '22', 'ASMI/40/2010-2011', 'SO', 0.00),
(165, '22', 'ASMI/50/2010-2011', 'SO', 0.00),
(166, '22', 'ASMI/60/2010-2011', 'SO', 0.00),
(167, '22', 'ASMI/77/2010-2011', 'SO', 0.00),
(168, '23', 'ASMI/9/2010-2011', 'SO', 0.00),
(169, '23', 'ASMI/13/2010-2011', 'SO', 0.00),
(170, '23', 'ASMI/22/2010-2011', 'SO', 7200.00),
(171, '23', 'ASMI/27/2010-2011', 'SO', 0.00),
(172, '23', 'ASMI/36/2010-2011', 'SO', 13838.00),
(173, '23', 'ASMI/40/2010-2011', 'SO', 8438.00),
(174, '23', 'ASMI/50/2010-2011', 'SO', 0.00),
(175, '23', 'ASMI/60/2010-2011', 'SO', 0.00),
(176, '23', 'ASMI/77/2010-2011', 'SO', 0.00),
(177, '24', 'ASMI/9/2010-2011', 'SO', 0.00),
(178, '24', 'ASMI/13/2010-2011', 'SO', 0.00),
(179, '24', 'ASMI/22/2010-2011', 'SO', 0.00),
(180, '24', 'ASMI/27/2010-2011', 'SO', 0.00),
(181, '24', 'ASMI/36/2010-2011', 'SO', 0.00),
(182, '24', 'ASMI/40/2010-2011', 'SO', 0.00),
(183, '24', 'ASMI/50/2010-2011', 'SO', 18828.00),
(184, '24', 'ASMI/60/2010-2011', 'SO', 0.00),
(185, '24', 'ASMI/77/2010-2011', 'SO', 0.00),
(186, '25', 'ASMI/9/2010-2011', 'SO', 0.00),
(187, '25', 'ASMI/13/2010-2011', 'SO', 0.00),
(188, '25', 'ASMI/22/2010-2011', 'SO', 0.00),
(189, '25', 'ASMI/27/2010-2011', 'SO', 0.00),
(190, '25', 'ASMI/36/2010-2011', 'SO', 0.00),
(191, '25', 'ASMI/40/2010-2011', 'SO', 0.00),
(192, '25', 'ASMI/50/2010-2011', 'SO', 0.00),
(193, '25', 'ASMI/60/2010-2011', 'SO', 17685.00),
(194, '25', 'ASMI/77/2010-2011', 'SO', 0.00),
(195, '26', 'ASMI/17/2010-2011', 'SO', 10863.00),
(199, '28', 'ASMI/32/2010-2011', 'SO', 0.00),
(198, '28', 'ASMI/26/2010-2011', 'SO', 532.00),
(200, '28', 'ASMI/49/2010-2011', 'SO', 0.00),
(201, '28', 'ASMI/58/2010-2011', 'SO', 0.00),
(202, '28', 'ASMI/71/2010-2011', 'SO', 0.00),
(203, '29', 'ASMI/26/2010-2011', 'SO', 0.00),
(204, '29', 'ASMI/32/2010-2011', 'SO', 1890.00),
(205, '29', 'ASMI/49/2010-2011', 'SO', 0.00),
(206, '29', 'ASMI/58/2010-2011', 'SO', 0.00),
(207, '29', 'ASMI/71/2010-2011', 'SO', 0.00),
(208, '30', 'ASMI/26/2010-2011', 'SO', 0.00),
(209, '30', 'ASMI/32/2010-2011', 'SO', 0.00),
(210, '30', 'ASMI/49/2010-2011', 'SO', 2413.00),
(211, '30', 'ASMI/58/2010-2011', 'SO', 0.00),
(212, '30', 'ASMI/71/2010-2011', 'SO', 0.00),
(239, '34', 'ASMI/14/2010-2011', 'SO', 0.00),
(238, '34', 'ASMI/11/2010-2011', 'SO', 0.00),
(237, '33', 'ASMI/63/2010-2011', 'SO', 0.00),
(236, '33', 'ASMI/61/2010-2011', 'SO', 0.00),
(235, '33', 'ASMI/57/2010-2011', 'SO', 0.00),
(240, '34', 'ASMI/20/2010-2011', 'SO', 0.00),
(241, '34', 'ASMI/35/2010-2011', 'SO', 97920.00),
(242, '34', 'ASMI/43/2010-2011', 'SO', 0.00),
(243, '34', 'ASMI/45/2010-2011', 'SO', 0.00),
(244, '34', 'ASMI/48/2010-2011', 'SO', 0.00),
(245, '34', 'ASMI/57/2010-2011', 'SO', 11730.00),
(246, '34', 'ASMI/61/2010-2011', 'SO', 0.00),
(247, '34', 'ASMI/63/2010-2011', 'SO', 0.00),
(248, '35', 'ASMI/9/2010-2011', 'SO', 0.00),
(249, '35', 'ASMI/13/2010-2011', 'SO', 0.00),
(250, '35', 'ASMI/22/2010-2011', 'SO', 0.00),
(251, '35', 'ASMI/27/2010-2011', 'SO', 0.00),
(252, '35', 'ASMI/36/2010-2011', 'SO', 0.00),
(253, '35', 'ASMI/40/2010-2011', 'SO', 0.00),
(254, '35', 'ASMI/50/2010-2011', 'SO', 0.00),
(255, '35', 'ASMI/60/2010-2011', 'SO', 0.00),
(256, '35', 'ASMI/77/2010-2011', 'SO', 4050.00),
(257, '35', 'ASMI/84/2010-2011', 'SO', 0.00),
(258, '36', 'ASMI/9/2010-2011', 'SO', 0.00),
(259, '36', 'ASMI/13/2010-2011', 'SO', 0.00),
(260, '36', 'ASMI/22/2010-2011', 'SO', 0.00),
(261, '36', 'ASMI/27/2010-2011', 'SO', 0.00),
(262, '36', 'ASMI/36/2010-2011', 'SO', 0.00),
(263, '36', 'ASMI/40/2010-2011', 'SO', 0.00),
(264, '36', 'ASMI/50/2010-2011', 'SO', 0.00),
(265, '36', 'ASMI/60/2010-2011', 'SO', 0.00),
(266, '36', 'ASMI/77/2010-2011', 'SO', 0.00),
(267, '36', 'ASMI/84/2010-2011', 'SO', 585.00),
(268, '37', 'ASMI/15/2010-2011', 'SO', 5063.00),
(269, '37', 'ASMI/23/2010-2011', 'SO', 1575.00),
(270, '38', 'ASMI/18/2010-2011', 'SO', 2700.00),
(271, '38', 'ASMI/67/2010-2011', 'SO', 0.00),
(272, '39', 'ASMI/18/2010-2011', 'SO', 0.00),
(273, '39', 'ASMI/67/2010-2011', 'SO', 1688.00),
(274, '40', 'ASMI/26/2010-2011', 'SO', 0.00),
(275, '40', 'ASMI/32/2010-2011', 'SO', 0.00),
(276, '40', 'ASMI/49/2010-2011', 'SO', 0.00),
(277, '40', 'ASMI/58/2010-2011', 'SO', 0.00),
(278, '40', 'ASMI/71/2010-2011', 'SO', 1800.00),
(279, '40', 'ASMI/81/2010-2011', 'SO', 0.00),
(280, '40', 'ASMI/82/2010-2011', 'SO', 0.00),
(281, '41', 'ASMI/26/2010-2011', 'SO', 0.00),
(282, '41', 'ASMI/32/2010-2011', 'SO', 0.00),
(283, '41', 'ASMI/49/2010-2011', 'SO', 0.00),
(284, '41', 'ASMI/58/2010-2011', 'SO', 0.00),
(285, '41', 'ASMI/71/2010-2011', 'SO', 0.00),
(286, '41', 'ASMI/81/2010-2011', 'SO', 270.00),
(287, '41', 'ASMI/82/2010-2011', 'SO', 0.00),
(288, '42', 'ASMI/26/2010-2011', 'SO', 0.00),
(289, '42', 'ASMI/32/2010-2011', 'SO', 0.00),
(290, '42', 'ASMI/49/2010-2011', 'SO', 0.00),
(291, '42', 'ASMI/58/2010-2011', 'SO', 0.00),
(292, '42', 'ASMI/71/2010-2011', 'SO', 0.00),
(293, '42', 'ASMI/81/2010-2011', 'SO', 0.00),
(294, '42', 'ASMI/82/2010-2011', 'SO', 495.00),
(295, '43', 'ASMI/28/2010-2011', 'SO', 1739.00),
(296, '43', 'ASMI/33/2010-2011', 'SO', 0.00),
(297, '43', 'ASMI/62/2010-2011', 'SO', 0.00),
(298, '44', 'ASMI/28/2010-2011', 'SO', 0.00),
(299, '44', 'ASMI/33/2010-2011', 'SO', 2889.00),
(300, '44', 'ASMI/62/2010-2011', 'SO', 0.00),
(301, '45', 'ASMI/28/2010-2011', 'SO', 0.00),
(302, '45', 'ASMI/33/2010-2011', 'SO', 0.00),
(303, '45', 'ASMI/62/2010-2011', 'SO', 2868.00),
(304, '46', 'ASMI/24/2010-2011', 'SO', 1488.00),
(305, '46', 'ASMI/30/2010-2011', 'SO', 0.00),
(306, '47', 'ASMI/24/2010-2011', 'SO', 0.00),
(307, '47', 'ASMI/30/2010-2011', 'SO', 1829.00),
(311, '49', 'ASMI/53/2010-2011', 'SO', 0.00),
(310, '49', 'ASMI/31/2010-2011', 'SO', 762.00),
(312, '50', 'ASMI/31/2010-2011', 'SO', 0.00),
(313, '50', 'ASMI/53/2010-2011', 'SO', 3771.00),
(314, '51', 'ASMI/38/2010-2011', 'SO', 1772.00),
(315, '51', 'ASMI/42/2010-2011', 'SO', 0.00),
(316, '51', 'ASMI/76/2010-2011', 'SO', 0.00),
(317, '52', 'ASMI/38/2010-2011', 'SO', 0.00),
(318, '52', 'ASMI/42/2010-2011', 'SO', 4150.00),
(319, '52', 'ASMI/76/2010-2011', 'SO', 0.00),
(320, '53', 'ASMI/41/2010-2011', 'SO', 887.00),
(321, '54', 'ASMI/44/2010-2011', 'SO', 1238.00),
(322, '54', 'ASMI/66/2010-2011', 'SO', 0.00),
(323, '55', 'ASMI/47/2010-2011', 'SO', 4331.00),
(324, '56', 'ASMI/54/2010-2011', 'SO', 2510.00),
(325, '57', 'ASMI/26/2010-2011', 'SO', 0.00),
(326, '57', 'ASMI/32/2010-2011', 'SO', 0.00),
(327, '57', 'ASMI/49/2010-2011', 'SO', 0.00),
(328, '57', 'ASMI/58/2010-2011', 'SO', 2449.00),
(329, '57', 'ASMI/71/2010-2011', 'SO', 0.00),
(330, '57', 'ASMI/81/2010-2011', 'SO', 0.00),
(331, '57', 'ASMI/82/2010-2011', 'SO', 0.00),
(332, '58', 'ASMI/18/2010-2011', 'SO', 0.00),
(333, '58', 'ASMI/67/2010-2011', 'SO', 0.00),
(334, '58', 'ASMI/86/2010-2011', 'SO', 1575.00),
(336, '59', 'ASMI/90/2010-2011', 'SO', 0.00),
(343, '61', 'ASMI/76/2010-2011', 'SO', 1077.00),
(342, '61', 'ASMI/42/2010-2011', 'SO', 0.00),
(341, '61', 'ASMI/38/2010-2011', 'SO', 0.00),
(344, '61', 'ASMI/92/2010-2011', 'SO', 2398.00),
(345, '62', 'ASMI/38/2010-2011', 'SO', 0.00),
(346, '62', 'ASMI/42/2010-2011', 'SO', 0.00),
(347, '62', 'ASMI/76/2010-2011', 'SO', 1902.00),
(348, '62', 'ASMI/92/2010-2011', 'SO', 0.00),
(374, '64', 'ASMI/93/2010-2011', 'SO', 0.00),
(373, '64', 'ASMI/89/2010-2011', 'SO', 0.00),
(372, '64', 'ASMI/63/2010-2011', 'SO', 8058.00),
(371, '64', 'ASMI/61/2010-2011', 'SO', 20451.00),
(370, '64', 'ASMI/57/2010-2011', 'SO', 0.00),
(369, '64', 'ASMI/48/2010-2011', 'SO', 18360.00),
(368, '64', 'ASMI/45/2010-2011', 'SO', 0.00),
(367, '64', 'ASMI/43/2010-2011', 'SO', 28050.00),
(366, '64', 'ASMI/35/2010-2011', 'SO', 0.00),
(365, '64', 'ASMI/20/2010-2011', 'SO', 0.00),
(364, '64', 'ASMI/14/2010-2011', 'SO', 0.00),
(363, '64', 'ASMI/11/2010-2011', 'SO', 0.00),
(375, '64', 'ASMI/94/2010-2011', 'SO', 0.00),
(376, '64', 'ASMI/95/2010-2011', 'SO', 0.00),
(469, '81', 'ASMI/78/2010-2011', 'SO', 0.00),
(468, '81', 'ASMI/21/2010-2011', 'SO', 0.00),
(467, '81', 'ASMI/7/2010-2011', 'SO', 10000.00),
(383, '67', 'ASMI/2/2010-2011', 'SO', 0.00),
(384, '67', 'ASMI/3/2010-2011', 'SO', 0.00),
(385, '67', 'ASMI/6/2010-2011', 'SO', 0.00),
(386, '67', 'ASMI/8/2010-2011', 'SO', 0.00),
(387, '67', 'ASMI/12/2010-2011', 'SO', 0.00),
(388, '67', 'ASMI/19/2010-2011', 'SO', 0.00),
(389, '67', 'ASMI/25/2010-2011', 'SO', 0.00),
(390, '67', 'ASMI/37/2010-2011', 'SO', 0.00),
(391, '67', 'ASMI/39/2010-2011', 'SO', 0.00),
(392, '67', 'ASMI/46/2010-2011', 'SO', 3811.00),
(393, '67', 'ASMI/51/2010-2011', 'SO', 2316.00),
(394, '67', 'ASMI/55/2010-2011', 'SO', 5190.00),
(395, '67', 'ASMI/56/2010-2011', 'SO', 1549.00),
(396, '67', 'ASMI/65/2010-2011', 'SO', 0.00),
(397, '67', 'ASMI/69/2010-2011', 'SO', 0.00),
(398, '67', 'ASMI/72/2010-2011', 'SO', 0.00),
(399, '67', 'ASMI/74/2010-2011', 'SO', 0.00),
(400, '67', 'ASMI/79/2010-2011', 'SO', 0.00),
(401, '67', 'ASMI/87/2010-2011', 'SO', 0.00),
(402, '67', 'ASMI/91/2010-2011', 'SO', 0.00),
(403, '67', 'ASMI/98/2010-2011', 'SO', 0.00),
(404, '67', 'ASMI/101/2010-2011', 'SO', 0.00),
(420, '73', 'ASMI/50/2010-2011', 'SO', 0.00),
(419, '73', 'ASMI/40/2010-2011', 'SO', 0.00),
(418, '73', 'ASMI/36/2010-2011', 'SO', 0.00),
(421, '73', 'ASMI/60/2010-2011', 'SO', 0.00),
(422, '73', 'ASMI/77/2010-2011', 'SO', 0.00),
(423, '73', 'ASMI/84/2010-2011', 'SO', 0.00),
(424, '73', 'ASMI/85/2010-2011', 'SO', 16875.00),
(425, '74', 'ASMI/34/2010-2011', 'SO', 0.00),
(426, '74', 'ASMI/64/2010-2011', 'SO', 5712.00),
(427, '74', 'ASMI/68/2010-2011', 'SO', 1080.00),
(428, '75', 'ASMI/5/2010-2011', 'SO', 0.00),
(429, '75', 'ASMI/52/2010-2011', 'SO', 0.00),
(430, '75', 'ASMI/70/2010-2011', 'SO', 1110.00),
(431, '75', 'ASMI/100/2010-2011', 'SO', 2435.00),
(432, '76', 'ASMI/18/2010-2011', 'SO', 0.00),
(433, '76', 'ASMI/67/2010-2011', 'SO', 0.00),
(434, '76', 'ASMI/86/2010-2011', 'SO', 0.00),
(435, '76', 'ASMI/102/2010-2011', 'SO', 4613.00),
(436, '77', 'ASMI/2/2010-2011', 'SO', 0.00),
(437, '77', 'ASMI/3/2010-2011', 'SO', 0.00),
(438, '77', 'ASMI/6/2010-2011', 'SO', 0.00),
(439, '77', 'ASMI/8/2010-2011', 'SO', 0.00),
(440, '77', 'ASMI/12/2010-2011', 'SO', 0.00),
(441, '77', 'ASMI/19/2010-2011', 'SO', 0.00),
(442, '77', 'ASMI/25/2010-2011', 'SO', 0.00),
(443, '77', 'ASMI/37/2010-2011', 'SO', 0.00),
(444, '77', 'ASMI/39/2010-2011', 'SO', 0.00),
(445, '77', 'ASMI/46/2010-2011', 'SO', 0.00),
(446, '77', 'ASMI/51/2010-2011', 'SO', 0.00),
(447, '77', 'ASMI/55/2010-2011', 'SO', 0.00),
(448, '77', 'ASMI/56/2010-2011', 'SO', 0.00),
(449, '77', 'ASMI/65/2010-2011', 'SO', 23658.00),
(450, '77', 'ASMI/69/2010-2011', 'SO', 8538.00),
(451, '77', 'ASMI/72/2010-2011', 'SO', 6995.00),
(452, '77', 'ASMI/74/2010-2011', 'SO', 1484.00),
(453, '77', 'ASMI/79/2010-2011', 'SO', 4208.00),
(454, '77', 'ASMI/87/2010-2011', 'SO', 0.00),
(455, '77', 'ASMI/91/2010-2011', 'SO', 0.00),
(456, '77', 'ASMI/98/2010-2011', 'SO', 0.00),
(457, '77', 'ASMI/101/2010-2011', 'SO', 0.00),
(458, '77', 'ASMI/103/2010-2011', 'SO', 0.00),
(459, '77', 'ASMI/104/2010-2011', 'SO', 0.00),
(460, '78', 'ASMI/97/2010-2011', 'SO', 10341.00),
(472, '82', 'ASMI/78/2010-2011', 'SO', 0.00),
(473, '83', 'ASMI/7/2010-2011', 'SO', 0.00),
(474, '83', 'ASMI/21/2010-2011', 'SO', 14694.00),
(475, '83', 'ASMI/78/2010-2011', 'SO', 555.00),
(476, '84', 'ASMI/38/2010-2011', 'SO', 0.00),
(477, '84', 'ASMI/42/2010-2011', 'SO', 0.00),
(478, '84', 'ASMI/76/2010-2011', 'SO', 0.00),
(479, '84', 'ASMI/92/2010-2011', 'SO', 0.00),
(480, '84', 'ASMI/108/2010-2011', 'SO', 1334.00),
(481, '85', 'ASMI/106/2010-2011', 'SO', 25628.00),
(482, '86', 'ASMI/11/2010-2011', 'SO', 0.00),
(483, '86', 'ASMI/14/2010-2011', 'SO', 0.00),
(484, '86', 'ASMI/20/2010-2011', 'SO', 0.00),
(485, '86', 'ASMI/35/2010-2011', 'SO', 0.00),
(486, '86', 'ASMI/43/2010-2011', 'SO', 0.00),
(487, '86', 'ASMI/45/2010-2011', 'SO', 0.00),
(488, '86', 'ASMI/48/2010-2011', 'SO', 0.00),
(489, '86', 'ASMI/57/2010-2011', 'SO', 0.00),
(490, '86', 'ASMI/61/2010-2011', 'SO', 0.00),
(491, '86', 'ASMI/63/2010-2011', 'SO', 0.00),
(492, '86', 'ASMI/89/2010-2011', 'SO', 16371.00),
(493, '86', 'ASMI/93/2010-2011', 'SO', 8520.00),
(494, '86', 'ASMI/94/2010-2011', 'SO', 8160.00),
(495, '86', 'ASMI/95/2010-2011', 'SO', 18815.00),
(496, '86', 'ASMI/99/2010-2011', 'SO', 21338.00),
(576, '98', 'ASMI/125/2010-2011', 'SO', 0.00),
(575, '98', 'ASMI/105/2010-2011', 'SO', 60.00),
(574, '98', 'ASMI/83/2010-2011', 'SO', 5128.00),
(503, '89', 'ASMI/31/2010-2011', 'SO', 0.00),
(504, '89', 'ASMI/53/2010-2011', 'SO', 0.00),
(505, '89', 'ASMI/109/2010-2011', 'SO', 2535.00),
(506, '90', 'ASMI/44/2010-2011', 'SO', 0.00),
(507, '90', 'ASMI/66/2010-2011', 'SO', 2700.00),
(508, '90', 'ASMI/88/2010-2011', 'SO', 1710.00),
(509, '91', 'ASMI/4/2010-2011', 'SO', 0.00),
(510, '91', 'ASMI/90/2010-2011', 'SO', 12612.00),
(511, '92', 'ASMI/106/2010-2011', 'SO', 0.00),
(512, '92', 'ASMI/112/2010-2011', 'SO', 9000.00),
(513, '93', 'ASMI/16/2010-2011', 'SO', 0.00),
(514, '93', 'ASMI/29/2010-2011', 'SO', 0.00),
(515, '93', 'ASMI/75/2010-2011', 'SO', 2980.00),
(516, '93', 'ASMI/80/2010-2011', 'SO', 444.00),
(517, '93', 'ASMI/107/2010-2011', 'SO', 2448.00),
(518, '94', 'ASMI/2/2010-2011', 'SO', 0.00),
(519, '94', 'ASMI/3/2010-2011', 'SO', 0.00),
(520, '94', 'ASMI/6/2010-2011', 'SO', 0.00),
(521, '94', 'ASMI/8/2010-2011', 'SO', 0.00),
(522, '94', 'ASMI/12/2010-2011', 'SO', 0.00),
(523, '94', 'ASMI/19/2010-2011', 'SO', 0.00),
(524, '94', 'ASMI/25/2010-2011', 'SO', 0.00),
(525, '94', 'ASMI/37/2010-2011', 'SO', 0.00),
(526, '94', 'ASMI/39/2010-2011', 'SO', 0.00),
(527, '94', 'ASMI/46/2010-2011', 'SO', 0.00),
(528, '94', 'ASMI/51/2010-2011', 'SO', 0.00),
(529, '94', 'ASMI/55/2010-2011', 'SO', 0.00),
(530, '94', 'ASMI/56/2010-2011', 'SO', 0.00),
(531, '94', 'ASMI/65/2010-2011', 'SO', 0.00),
(532, '94', 'ASMI/69/2010-2011', 'SO', 0.00),
(533, '94', 'ASMI/72/2010-2011', 'SO', 0.00),
(534, '94', 'ASMI/74/2010-2011', 'SO', 0.00),
(535, '94', 'ASMI/79/2010-2011', 'SO', 0.00),
(536, '94', 'ASMI/87/2010-2011', 'SO', 340.00),
(537, '94', 'ASMI/91/2010-2011', 'SO', 29900.00),
(538, '94', 'ASMI/98/2010-2011', 'SO', 13646.00),
(539, '94', 'ASMI/101/2010-2011', 'SO', 0.00),
(540, '94', 'ASMI/103/2010-2011', 'SO', 0.00),
(541, '94', 'ASMI/104/2010-2011', 'SO', 0.00),
(542, '94', 'ASMI/113/2010-2011', 'SO', 0.00),
(543, '94', 'ASMI/115/2010-2011', 'SO', 0.00),
(544, '94', 'ASMI/116/2010-2011', 'SO', 0.00),
(545, '94', 'ASMI/119/2010-2011', 'SO', 0.00),
(546, '95', 'ASMI/11/2010-2011', 'SO', 0.00),
(547, '95', 'ASMI/14/2010-2011', 'SO', 0.00),
(548, '95', 'ASMI/20/2010-2011', 'SO', 0.00),
(549, '95', 'ASMI/35/2010-2011', 'SO', 0.00),
(550, '95', 'ASMI/43/2010-2011', 'SO', 0.00),
(551, '95', 'ASMI/45/2010-2011', 'SO', 0.00),
(552, '95', 'ASMI/48/2010-2011', 'SO', 0.00),
(553, '95', 'ASMI/57/2010-2011', 'SO', 0.00),
(554, '95', 'ASMI/61/2010-2011', 'SO', 0.00),
(555, '95', 'ASMI/63/2010-2011', 'SO', 0.00),
(556, '95', 'ASMI/89/2010-2011', 'SO', 0.00),
(557, '95', 'ASMI/93/2010-2011', 'SO', 0.00),
(558, '95', 'ASMI/94/2010-2011', 'SO', 0.00),
(559, '95', 'ASMI/95/2010-2011', 'SO', 0.00),
(560, '95', 'ASMI/99/2010-2011', 'SO', 0.00),
(561, '95', 'ASMI/110/2010-2011', 'SO', 102000.00),
(562, '95', 'ASMI/111/2010-2011', 'SO', 10620.00),
(563, '95', 'ASMI/114/2010-2011', 'SO', 0.00),
(564, '95', 'ASMI/117/2010-2011', 'SO', 0.00),
(579, '99', 'ASMI/105/2010-2011', 'SO', 1610.00),
(578, '99', 'ASMI/83/2010-2011', 'SO', 0.00),
(577, '99', 'ASMI/73/2010-2011', 'SO', 0.00),
(573, '98', 'ASMI/73/2010-2011', 'SO', 1352.00),
(580, '99', 'ASMI/125/2010-2011', 'SO', 1976.00),
(581, '100', 'ASMI/9/2010-2011', 'SO', 0.00),
(582, '100', 'ASMI/13/2010-2011', 'SO', 0.00),
(583, '100', 'ASMI/22/2010-2011', 'SO', 0.00),
(584, '100', 'ASMI/27/2010-2011', 'SO', 0.00),
(585, '100', 'ASMI/36/2010-2011', 'SO', 0.00),
(586, '100', 'ASMI/40/2010-2011', 'SO', 0.00),
(587, '100', 'ASMI/50/2010-2011', 'SO', 0.00),
(588, '100', 'ASMI/60/2010-2011', 'SO', 0.00),
(589, '100', 'ASMI/77/2010-2011', 'SO', 0.00),
(590, '100', 'ASMI/84/2010-2011', 'SO', 0.00),
(591, '100', 'ASMI/85/2010-2011', 'SO', 0.00),
(592, '100', 'ASMI/118/2010-2011', 'SO', 16875.00),
(593, '101', 'ASMI/2/2010-2011', 'SO', 0.00),
(594, '101', 'ASMI/3/2010-2011', 'SO', 0.00),
(595, '101', 'ASMI/6/2010-2011', 'SO', 0.00),
(596, '101', 'ASMI/8/2010-2011', 'SO', 0.00),
(597, '101', 'ASMI/12/2010-2011', 'SO', 0.00),
(598, '101', 'ASMI/19/2010-2011', 'SO', 0.00),
(599, '101', 'ASMI/25/2010-2011', 'SO', 0.00),
(600, '101', 'ASMI/37/2010-2011', 'SO', 0.00),
(601, '101', 'ASMI/39/2010-2011', 'SO', 0.00),
(602, '101', 'ASMI/46/2010-2011', 'SO', 0.00),
(603, '101', 'ASMI/51/2010-2011', 'SO', 0.00),
(604, '101', 'ASMI/55/2010-2011', 'SO', 0.00),
(605, '101', 'ASMI/56/2010-2011', 'SO', 0.00),
(606, '101', 'ASMI/65/2010-2011', 'SO', 0.00),
(607, '101', 'ASMI/69/2010-2011', 'SO', 0.00),
(608, '101', 'ASMI/72/2010-2011', 'SO', 0.00),
(609, '101', 'ASMI/74/2010-2011', 'SO', 0.00),
(610, '101', 'ASMI/79/2010-2011', 'SO', 0.00),
(611, '101', 'ASMI/87/2010-2011', 'SO', 0.00),
(612, '101', 'ASMI/91/2010-2011', 'SO', 0.00),
(613, '101', 'ASMI/98/2010-2011', 'SO', 0.00),
(614, '101', 'ASMI/101/2010-2011', 'SO', 6039.00),
(615, '101', 'ASMI/103/2010-2011', 'SO', 9648.00),
(616, '101', 'ASMI/104/2010-2011', 'SO', 22766.00),
(617, '101', 'ASMI/113/2010-2011', 'SO', 0.00),
(618, '101', 'ASMI/115/2010-2011', 'SO', 0.00),
(619, '101', 'ASMI/116/2010-2011', 'SO', 0.00),
(620, '101', 'ASMI/119/2010-2011', 'SO', 0.00),
(621, '101', 'ASMI/124/2010-2011', 'SO', 0.00),
(622, '101', 'ASMI/126/2010-2011', 'SO', 0.00),
(623, '101', 'ASMI/128/2010-2011', 'SO', 0.00),
(624, '102', 'ASMI/11/2010-2011', 'SO', 0.00),
(625, '102', 'ASMI/14/2010-2011', 'SO', 0.00),
(626, '102', 'ASMI/20/2010-2011', 'SO', 0.00),
(627, '102', 'ASMI/35/2010-2011', 'SO', 0.00),
(628, '102', 'ASMI/43/2010-2011', 'SO', 0.00),
(629, '102', 'ASMI/45/2010-2011', 'SO', 0.00),
(630, '102', 'ASMI/48/2010-2011', 'SO', 0.00),
(631, '102', 'ASMI/57/2010-2011', 'SO', 0.00),
(632, '102', 'ASMI/61/2010-2011', 'SO', 0.00),
(633, '102', 'ASMI/63/2010-2011', 'SO', 0.00),
(634, '102', 'ASMI/89/2010-2011', 'SO', 0.00),
(635, '102', 'ASMI/93/2010-2011', 'SO', 0.00),
(636, '102', 'ASMI/94/2010-2011', 'SO', 0.00),
(637, '102', 'ASMI/95/2010-2011', 'SO', 0.00),
(638, '102', 'ASMI/99/2010-2011', 'SO', 0.00),
(639, '102', 'ASMI/110/2010-2011', 'SO', 0.00),
(640, '102', 'ASMI/111/2010-2011', 'SO', 0.00),
(641, '102', 'ASMI/114/2010-2011', 'SO', 0.00),
(642, '102', 'ASMI/117/2010-2011', 'SO', 24939.00),
(643, '103', 'ASMI/7/2010-2011', 'SO', 0.00),
(644, '103', 'ASMI/21/2010-2011', 'SO', 0.00),
(645, '103', 'ASMI/78/2010-2011', 'SO', 0.00),
(646, '103', 'ASMI/121/2010-2011', 'SO', 16850.00),
(647, '103', 'ASMI/122/2010-2011', 'SO', 0.00),
(648, '103', 'ASMI/130/2010-2011', 'SO', 0.00),
(649, '104', 'ASMI/11/2010-2011', 'SO', 0.00),
(650, '104', 'ASMI/14/2010-2011', 'SO', 0.00),
(651, '104', 'ASMI/20/2010-2011', 'SO', 0.00),
(652, '104', 'ASMI/35/2010-2011', 'SO', 0.00),
(653, '104', 'ASMI/43/2010-2011', 'SO', 0.00),
(654, '104', 'ASMI/45/2010-2011', 'SO', 0.00),
(655, '104', 'ASMI/48/2010-2011', 'SO', 0.00),
(656, '104', 'ASMI/57/2010-2011', 'SO', 0.00),
(657, '104', 'ASMI/61/2010-2011', 'SO', 0.00),
(658, '104', 'ASMI/63/2010-2011', 'SO', 0.00),
(659, '104', 'ASMI/89/2010-2011', 'SO', 0.00),
(660, '104', 'ASMI/93/2010-2011', 'SO', 0.00),
(661, '104', 'ASMI/94/2010-2011', 'SO', 0.00),
(662, '104', 'ASMI/95/2010-2011', 'SO', 0.00),
(663, '104', 'ASMI/99/2010-2011', 'SO', 0.00),
(664, '104', 'ASMI/110/2010-2011', 'SO', 0.00),
(665, '104', 'ASMI/111/2010-2011', 'SO', 0.00),
(666, '104', 'ASMI/114/2010-2011', 'SO', 31824.00),
(667, '104', 'ASMI/117/2010-2011', 'SO', 0.00),
(668, '104', 'ASMI/135/2010-2011', 'SO', 0.00),
(669, '104', 'ASMI/142/2010-2011', 'SO', 0.00),
(670, '105', 'ASMI/9/2010-2011', 'SO', 0.00),
(671, '105', 'ASMI/13/2010-2011', 'SO', 0.00),
(672, '105', 'ASMI/22/2010-2011', 'SO', 0.00),
(673, '105', 'ASMI/27/2010-2011', 'SO', 0.00),
(674, '105', 'ASMI/36/2010-2011', 'SO', 0.00),
(675, '105', 'ASMI/40/2010-2011', 'SO', 0.00),
(676, '105', 'ASMI/50/2010-2011', 'SO', 0.00),
(677, '105', 'ASMI/60/2010-2011', 'SO', 0.00),
(678, '105', 'ASMI/77/2010-2011', 'SO', 0.00),
(679, '105', 'ASMI/84/2010-2011', 'SO', 0.00),
(680, '105', 'ASMI/85/2010-2011', 'SO', 0.00),
(681, '105', 'ASMI/118/2010-2011', 'SO', 0.00),
(682, '105', 'ASMI/129/2010-2011', 'SO', 17025.00),
(683, '105', 'ASMI/137/2010-2011', 'SO', 0.00),
(684, '106', 'ASMI/44/2010-2011', 'SO', 0.00),
(685, '106', 'ASMI/66/2010-2011', 'SO', 0.00),
(686, '106', 'ASMI/88/2010-2011', 'SO', 0.00),
(687, '106', 'ASMI/123/2010-2011', 'SO', 5063.00),
(688, '107', 'ASMI/2/2010-2011', 'SO', 0.00),
(689, '107', 'ASMI/3/2010-2011', 'SO', 0.00),
(690, '107', 'ASMI/6/2010-2011', 'SO', 0.00),
(691, '107', 'ASMI/8/2010-2011', 'SO', 0.00),
(692, '107', 'ASMI/12/2010-2011', 'SO', 0.00),
(693, '107', 'ASMI/19/2010-2011', 'SO', 0.00),
(694, '107', 'ASMI/25/2010-2011', 'SO', 0.00),
(695, '107', 'ASMI/37/2010-2011', 'SO', 0.00),
(696, '107', 'ASMI/39/2010-2011', 'SO', 0.00),
(697, '107', 'ASMI/46/2010-2011', 'SO', 0.00),
(698, '107', 'ASMI/51/2010-2011', 'SO', 0.00),
(699, '107', 'ASMI/55/2010-2011', 'SO', 0.00),
(700, '107', 'ASMI/56/2010-2011', 'SO', 0.00),
(701, '107', 'ASMI/65/2010-2011', 'SO', 0.00),
(702, '107', 'ASMI/69/2010-2011', 'SO', 0.00),
(703, '107', 'ASMI/72/2010-2011', 'SO', 0.00),
(704, '107', 'ASMI/74/2010-2011', 'SO', 0.00),
(705, '107', 'ASMI/79/2010-2011', 'SO', 0.00),
(706, '107', 'ASMI/87/2010-2011', 'SO', 0.00),
(707, '107', 'ASMI/91/2010-2011', 'SO', 0.00),
(708, '107', 'ASMI/98/2010-2011', 'SO', 0.00),
(709, '107', 'ASMI/101/2010-2011', 'SO', 0.00),
(710, '107', 'ASMI/103/2010-2011', 'SO', 0.00),
(711, '107', 'ASMI/104/2010-2011', 'SO', 0.00),
(712, '107', 'ASMI/113/2010-2011', 'SO', 988.00),
(713, '107', 'ASMI/115/2010-2011', 'SO', 21928.00),
(714, '107', 'ASMI/116/2010-2011', 'SO', 9150.00),
(715, '107', 'ASMI/119/2010-2011', 'SO', 6038.00),
(716, '107', 'ASMI/124/2010-2011', 'SO', 0.00),
(717, '107', 'ASMI/126/2010-2011', 'SO', 0.00),
(718, '107', 'ASMI/128/2010-2011', 'SO', 0.00),
(719, '107', 'ASMI/132/2010-2011', 'SO', 0.00),
(720, '107', 'ASMI/133/2010-2011', 'SO', 0.00),
(721, '107', 'ASMI/140/2010-2011', 'SO', 0.00),
(722, '107', 'ASMI/144/2010-2011', 'SO', 0.00),
(723, '108', 'ASMI/9/2010-2011', 'SO', 0.00),
(724, '108', 'ASMI/13/2010-2011', 'SO', 0.00),
(725, '108', 'ASMI/22/2010-2011', 'SO', 0.00),
(726, '108', 'ASMI/27/2010-2011', 'SO', 0.00),
(727, '108', 'ASMI/36/2010-2011', 'SO', 0.00),
(728, '108', 'ASMI/40/2010-2011', 'SO', 0.00),
(729, '108', 'ASMI/50/2010-2011', 'SO', 0.00),
(730, '108', 'ASMI/60/2010-2011', 'SO', 0.00),
(731, '108', 'ASMI/77/2010-2011', 'SO', 0.00),
(732, '108', 'ASMI/84/2010-2011', 'SO', 0.00),
(733, '108', 'ASMI/85/2010-2011', 'SO', 0.00),
(734, '108', 'ASMI/118/2010-2011', 'SO', 0.00),
(735, '108', 'ASMI/129/2010-2011', 'SO', 0.00),
(736, '108', 'ASMI/137/2010-2011', 'SO', 4540.00);

-- --------------------------------------------------------

--
-- Table structure for table `sales_order`
--

DROP TABLE IF EXISTS `sales_order`;
CREATE TABLE IF NOT EXISTS `sales_order` (
  `bill_no` varchar(255) NOT NULL,
  `bill_date` date NOT NULL,
  `sales_order_id` varchar(255) NOT NULL,
  `sales_order_date` date NOT NULL DEFAULT '0000-00-00',
  `challan_no` varchar(255) NOT NULL,
  `challan_date` date NOT NULL,
  `sales_order_amount` varchar(255) NOT NULL,
  `party_id` varchar(20) NOT NULL,
  `r_r_cn_no` varchar(20) NOT NULL,
  `r_r_cn_date` date NOT NULL DEFAULT '0000-00-00',
  `transporter_id` varchar(20) NOT NULL,
  `job_heading` varchar(255) NOT NULL,
  `vat` double(10,2) NOT NULL,
  `freight` double(10,2) NOT NULL,
  `discount` double(10,2) NOT NULL,
  `cst` double(10,2) NOT NULL,
  `tax_deposit` double(10,2) NOT NULL,
  `freight_to_pay` double(10,2) NOT NULL,
  `packing_qty` varchar(255) DEFAULT NULL,
  `net_amount` double(10,2) NOT NULL,
  `remarks` text,
  `bill_int_id` bigint(20) NOT NULL,
  `fin_year` int(4) NOT NULL DEFAULT '2010',
  PRIMARY KEY (`bill_int_id`)
) ENGINE=MyISAM DEFAULT CHARSET=latin1;

--
-- Dumping data for table `sales_order`
--

INSERT INTO `sales_order` (`bill_no`, `bill_date`, `sales_order_id`, `sales_order_date`, `challan_no`, `challan_date`, `sales_order_amount`, `party_id`, `r_r_cn_no`, `r_r_cn_date`, `transporter_id`, `job_heading`, `vat`, `freight`, `discount`, `cst`, `tax_deposit`, `freight_to_pay`, `packing_qty`, `net_amount`, `remarks`, `bill_int_id`, `fin_year`) VALUES
('ASMI/1/2010-2011', '2010-04-01', 'TELEPHONIC', '2010-04-01', '1', '2010-04-01', '5000', '12', '458874383', '2010-04-01', '3', '', 0.00, 0.00, 0.00, 100.00, 0.00, 0.00, '1', 5100.00, '', 1, 2010),
('ASMI/2/2010-2011', '2010-04-02', 'TELEPHONIC', '2010-04-01', '2', '2010-04-02', '11050', '20', '4584757', '2010-04-02', '4', '', 0.00, 1200.00, 0.00, 221.00, 0.00, 0.00, '2', 12471.00, '', 2, 2010),
('ASMI/3/2010-2011', '2010-04-08', 'TELEPHONIC', '2010-04-03', '3', '2010-04-08', '14250', '20', '4584984', '2010-04-08', '4', '', 0.00, 1920.00, 0.00, 285.00, 0.00, 0.00, '3', 16455.00, '', 3, 2010),
('ASMI/4/2010-2011', '2010-04-09', 'DIRECT', '2010-04-03', '4', '2010-04-09', '11125', '10', '458875427', '2010-04-09', '3', '', 0.00, 568.00, 780.00, 222.50, 0.00, 0.00, '2', 11136.00, '', 4, 2010),
('ASMI/6/2010-2011', '2010-04-17', 'TELEPHONIC', '2010-04-16', '6', '2010-04-17', '11500', '20', '4585563', '2010-04-17', '4', '', 0.00, 988.00, 0.00, 230.00, 0.00, 0.00, '2', 12718.00, '', 6, 2010),
('ASMI/5/2010-2011', '2010-04-16', 'TELEPHONIC', '2010-04-14', '5', '2010-04-16', '9850', '11', '459463579', '2010-04-16', '3', '', 0.00, 720.00, 0.00, 197.00, 0.00, 0.00, '2', 10767.00, '', 5, 2010),
('ASMI/8/2010-2011', '2010-04-20', 'TELEPHONIC', '2010-04-19', '8', '2010-04-20', '8150', '20', '4585586', '2010-04-20', '4', '', 0.00, 660.00, 0.00, 163.00, 0.00, 0.00, '1', 8973.00, '', 8, 2010),
('ASMI/7/2010-2011', '2010-04-20', 'DIRECT', '2010-04-09', '7', '2010-04-20', '21390', '8', '459464040', '2010-04-20', '3', '', 0.00, 953.00, 0.00, 427.80, 0.00, 0.00, '4', 22771.00, '', 7, 2010),
('ASMI/9/2010-2011', '2010-04-22', 'TELEPHONIC', '2010-04-21', '9', '2010-04-22', '7500', '19', '.', '2010-04-22', '5', '', 937.50, 0.00, 0.00, 0.00, 0.00, 0.00, '.', 8438.00, '', 9, 2010),
('ASMI/10/2010-2011', '2010-04-24', 'DIRECT', '2010-04-07', '10', '2010-04-24', '20020', '25', '.', '2010-04-24', '3', '', 0.00, 0.00, 0.00, 400.40, 0.00, 0.00, '3', 20420.00, 'GOODS SENT VIDE WAYBILL NO.BB1129003', 10, 2010),
('ASMI/11/2010-2011', '2010-04-26', '1581, 1586', '2010-04-10', '11', '2010-04-26', '48520', '6', '.', '2010-04-26', '3', '', 0.00, 0.00, 0.00, 970.40, 0.00, 0.00, '7', 49490.00, 'GOODS DESPATCHED VIDE WAYBILL NO. A-3650748', 11, 2010),
('ASMI/12/2010-2011', '2010-04-26', 'TELEPHONIC', '2010-04-14', '12', '2010-04-26', '7700', '20', '4585768', '2010-04-26', '4', '', 0.00, 70.00, 0.00, 154.00, 0.00, 0.00, '1', 7924.00, '', 12, 2010),
('ASMI/13/2010-2011', '2010-04-29', 'TELEPHONIC', '2010-04-28', '13', '2010-04-29', '7500', '19', '.', '2010-04-29', '5', '', 937.50, 0.00, 0.00, 0.00, 0.00, 0.00, '.', 8438.00, '', 13, 2010),
('ASMI/14/2010-2011', '2010-04-30', '1627, 1640', '2010-04-20', '14', '2010-04-30', '8800', '6', '.', '2010-04-30', '3', '', 0.00, 0.00, 0.00, 176.00, 0.00, 0.00, '1', 8976.00, '', 14, 2010),
('ASMI/15/2010-2011', '2010-05-03', 'DIRECT', '2010-04-20', '15', '2010-05-03', '4500', '15', '.', '2010-05-03', '5', '', 562.50, 0.00, 0.00, 0.00, 0.00, 0.00, '1', 5063.00, '', 15, 2010),
('ASMI/16/2010-2011', '2010-05-03', 'E-MAIL', '2010-04-14', '16', '2010-05-03', '8900', '14', '459452528', '2010-05-03', '3', '', 0.00, 0.00, 0.00, 178.00, 0.00, 0.00, '3', 9078.00, '', 16, 2010),
('ASMI/17/2010-2011', '2010-05-05', 'DIRECT', '2010-04-13', '17', '2010-05-05', '10650', '31', '.', '2010-05-05', '3', '', 0.00, 0.00, 0.00, 213.00, 0.00, 0.00, '3', 10863.00, '', 17, 2010),
('ASMI/18/2010-2011', '2010-05-07', 'DIRECT', '2010-05-05', '18', '2010-05-07', '2400', '18', '.', '2010-05-07', '5', '', 300.00, 0.00, 0.00, 0.00, 0.00, 0.00, '.', 2700.00, '', 18, 2010),
('ASMI/19/2010-2011', '2010-05-08', 'TELEPHONIC', '2010-04-29', '19', '2010-05-08', '13000', '20', '4587691', '2010-05-08', '4', '', 0.00, 1900.00, 0.00, 260.00, 0.00, 0.00, '2', 15160.00, '', 19, 2010),
('ASMI/20/2010-2011', '2010-05-10', '1693', '2010-05-04', '20', '2010-05-10', '5625', '6', '', '2010-05-10', '3', '', 0.00, 0.00, 0.00, 112.50, 0.00, 0.00, '1', 5738.00, '', 20, 2010),
('ASMI/21/2010-2011', '2010-05-10', 'E-MAIL', '2010-04-28', '21', '2010-05-10', '15900', '8', '459453341', '2010-05-10', '3', '', 0.00, 705.00, 0.00, 318.00, 0.00, 0.00, '2', 16923.00, '', 21, 2010),
('ASMI/22/2010-2011', '2010-05-11', 'DIRECT', '2010-05-05', '22', '2010-05-11', '6400', '19', '.', '2010-05-11', '5', '', 800.00, 0.00, 0.00, 0.00, 0.00, 0.00, '.', 7200.00, '', 22, 2010),
('ASMI/23/2010-2011', '2010-05-12', 'DIRECT', '2010-05-10', '23', '2010-05-12', '1400.00', '15', '.', '2010-05-12', '5', '', 175.00, 0.00, 0.00, 0.00, 0.00, 0.00, '.', 1575.00, '', 23, 2010),
('ASMI/24/2010-2011', '2010-05-13', 'DIRECT', '2010-05-13', '24', '2010-05-13', '1323.00', '43', '.', '2010-05-13', '5', '', 165.38, 0.00, 0.00, 0.00, 0.00, 0.00, '.', 1488.00, '', 24, 2010),
('ASMI/25/2010-2011', '2010-05-14', 'TELEPHONIC', '2010-04-30', '25', '2010-05-14', '13800.00', '20', '459452535', '2010-05-14', '3', '', 0.00, 794.00, 0.00, 276.00, 0.00, 0.00, '2', 14870.00, '', 25, 2010),
('ASMI/26/2010-2011', '2010-05-14', 'DIRECT', '2010-05-11', '26', '2010-05-14', '472.50', '32', '.', '2010-05-14', '5', '', 59.06, 0.00, 0.00, 0.00, 0.00, 0.00, '.', 532.00, '', 26, 2010),
('ASMI/27/2010-2011', '2010-05-15', 'TELEPHONIC', '2010-05-15', '27', '2010-05-15', '1050.00', '19', '.', '2010-05-15', '5', '', 131.25, 0.00, 0.00, 0.00, 0.00, 0.00, '.', 1181.00, '', 27, 2010),
('ASMI/28/2010-2011', '2010-05-15', 'TELEPHONIC', '2010-05-15', '28', '2010-05-15', '1546.00', '23', '.', '2010-05-15', '5', '', 193.25, 0.00, 0.00, 0.00, 0.00, 0.00, '.', 1739.00, '', 28, 2010),
('ASMI/29/2010-2011', '2010-05-17', 'E-MAIL', '2010-05-15', '30', '2010-05-17', '1500.00', '14', '4588454', '2010-05-17', '4', '', 0.00, 140.00, 0.00, 30.00, 0.00, 0.00, '1', 1670.00, '', 29, 2010),
('ASMI/30/2010-2011', '2010-05-18', 'TELEPHONIC', '2010-05-17', '31', '2010-05-18', '1625.40', '43', '.', '2010-05-18', '5', '', 203.18, 0.00, 0.00, 0.00, 0.00, 0.00, '.', 1829.00, '', 30, 2010),
('ASMI/31/2010-2011', '2010-05-18', 'TELEPHONIC', '2010-05-17', '32', '2010-05-18', '677.25', '44', '.', '2010-05-18', '5', '', 84.66, 0.00, 0.00, 0.00, 0.00, 0.00, '.', 762.00, '', 31, 2010),
('ASMI/32/2010-2011', '2010-05-18', 'TELEPHONIC', '2010-05-17', '33', '2010-05-18', '1680.15', '32', '.', '2010-05-18', '5', '', 210.02, 0.00, 0.00, 0.00, 0.00, 0.00, '.', 1890.00, '', 32, 2010),
('ASMI/33/2010-2011', '2010-05-18', 'TELEPHONIC', '2010-05-17', '34', '2010-05-18', '2568.00', '23', '.', '2010-05-18', '5', '', 321.00, 0.00, 0.00, 0.00, 0.00, 0.00, '.', 2889.00, '', 33, 2010),
('ASMI/34/2010-2011', '2010-05-21', 'TELEPHONIC', '2010-05-20', '35', '2010-05-21', '5675.00', '17', '4588748', '2010-05-21', '4', '', 0.00, 420.00, 0.00, 113.50, 0.00, 0.00, '1', 6209.00, '', 34, 2010),
('ASMI/35/2010-2011', '2010-05-21', '1575', '2010-04-09', '36', '2010-05-21', '96000.00', '6', '458943362', '2010-05-21', '3', '', 0.00, 0.00, 0.00, 1920.00, 0.00, 0.00, '15', 97920.00, 'GOODS SENT VIDE WAYBILL NO.A3650757 ', 35, 2010),
('ASMI/36/2010-2011', '2010-05-22', 'TELEPHONIC', '2010-05-20', '37', '2010-05-22', '12300.00', '19', '.', '2010-05-22', '5', '', 1537.50, 0.00, 0.00, 0.00, 0.00, 0.00, '.', 13838.00, '', 36, 2010),
('ASMI/37/2010-2011', '2010-05-22', 'TELEPHONIC', '2010-05-14', '38', '2010-05-22', '3800.00', '20', '4588827', '2010-05-22', '4', '', 0.00, 540.00, 0.00, 76.00, 0.00, 0.00, '1', 4416.00, '', 37, 2010),
('ASMI/38/2010-2011', '2010-05-25', 'TELEPHONIC', '2010-05-17', '29', '2010-05-17', '1575.00', '45', '.', '2010-05-17', '5', '', 196.88, 0.00, 0.00, 0.00, 0.00, 0.00, '.', 1772.00, '', 38, 2010),
('ASMI/39/2010-2011', '2010-05-26', 'TELEPHONIC', '2010-05-24', '40', '2010-05-26', '10990.00', '20', '4588931', '2010-05-26', '4', '', 0.00, 840.00, 0.00, 219.80, 0.00, 0.00, '2', 12050.00, '', 39, 2010),
('ASMI/40/2010-2011', '2010-05-26', 'TELEPHONIC', '2010-05-25', '41', '2010-05-26', '7500.00', '19', '.', '2010-05-26', '5', '', 937.50, 0.00, 0.00, 0.00, 0.00, 0.00, '.', 8438.00, '', 40, 2010),
('ASMI/41/2010-2011', '2010-05-27', 'TELEPHONIC', '2010-05-26', '42', '2010-05-27', '788.40', '46', '.', '2010-05-27', '5', '', 98.55, 0.00, 0.00, 0.00, 0.00, 0.00, '.', 887.00, '', 41, 2010),
('ASMI/42/2010-2011', '2010-06-02', 'TELEPHONIC', '2010-06-02', '45', '2010-06-02', '3689.18', '45', '.', '2010-06-02', '5', '', 461.15, 0.00, 0.00, 0.00, 0.00, 0.00, '.', 4150.00, '', 42, 2010),
('ASMI/43/2010-2011', '2010-06-03', '1732', '2010-05-12', '46', '2010-06-03', '27500.00', '6', '459452542', '2010-06-03', '3', '', 0.00, 0.00, 0.00, 550.00, 0.00, 0.00, '4', 28050.00, 'GOODS DESPATCHED VIDE WAYBILL NO.A3650765', 43, 2010),
('ASMI/44/2010-2011', '2010-06-04', 'DIRECT', '2010-06-03', '47', '2010-06-04', '1100.00', '47', '.', '2010-06-04', '5', '', 137.50, 0.00, 0.00, 0.00, 0.00, 0.00, '.', 1238.00, '', 44, 2010),
('ASMI/45/2010-2011', '2010-06-08', '.', '2010-05-24', '48', '2010-06-08', '600.00', '6', '4589584', '2010-06-08', '4', '', 0.00, 50.00, 0.00, 12.00, 0.00, 0.00, '1', 662.00, '', 45, 2010),
('ASMI/46/2010-2011', '2010-06-10', 'TELEPHONIC', '2010-05-28', '49', '2010-06-10', '3530.00', '20', '4589903', '2010-06-10', '4', '', 0.00, 210.00, 0.00, 70.60, 0.00, 0.00, '1', 3811.00, '', 46, 2010),
('ASMI/47/2010-2011', '2010-06-11', 'DIRECT', '2010-06-10', '50', '2010-06-11', '3849.52', '48', '.', '2010-06-11', '5', '', 481.19, 0.00, 0.00, 0.00, 0.00, 0.00, '.', 4331.00, '', 47, 2010),
('ASMI/48/2010-2011', '2010-06-11', '1790', '2010-05-20', '51', '2010-06-11', '18000.00', '6', '', '2010-06-11', '3', '', 0.00, 0.00, 0.00, 360.00, 0.00, 0.00, '2', 18360.00, '', 48, 2010),
('ASMI/49/2010-2011', '2010-06-12', 'DIRECT', '2010-06-11', '39,44,52', '2010-06-12', '2145.31', '32', '.', '2010-06-12', '5', '', 268.16, 0.00, 0.00, 0.00, 0.00, 0.00, '.', 2413.00, '', 49, 2010),
('ASMI/51/2010-2011', '2010-06-15', 'TELEPHONIC', '2010-06-10', '54', '2010-06-15', '1800.00', '20', '4590214', '2010-06-15', '4', '', 0.00, 480.00, 0.00, 36.00, 0.00, 0.00, '1', 2316.00, '', 51, 2010),
('ASMI/50/2010-2011', '2010-06-14', 'TELEPHONIC', '2010-06-07', '53', '2010-06-14', '16736.25', '19', '.', '2010-06-14', '5', '', 2092.03, 0.00, 0.00, 0.00, 0.00, 0.00, '.', 18828.00, '', 50, 2010),
('ASMI/52/2010-2011', '2010-06-19', 'TELEPHONIC', '2010-06-15', '55', '2010-06-19', '8400.00', '11', '458938740', '2010-06-19', '3', '', 0.00, 394.00, 0.00, 168.00, 0.00, 0.00, '1', 8962.00, '', 52, 2010),
('ASMI/53/2010-2011', '2010-06-21', 'DIRECT', '2010-06-19', '56', '2010-06-21', '3351.98', '44', '.', '2010-06-21', '5', '', 419.00, 0.00, 0.00, 0.00, 0.00, 0.00, '.', 3771.00, '', 53, 2010),
('ASMI/54/2010-2011', '2010-06-21', 'DIRECT', '2010-06-19', '57', '2010-06-21', '2231.26', '49', '.', '2010-06-21', '5', '', 278.91, 0.00, 0.00, 0.00, 0.00, 0.00, '.', 2510.00, '', 54, 2010),
('ASMI/55/2010-2011', '2010-06-21', 'TELEPHONIC', '2010-06-18', '58', '2010-06-21', '4500.00', '20', '4590751', '2010-06-21', '4', '', 0.00, 600.00, 0.00, 90.00, 0.00, 0.00, '1', 5190.00, '', 55, 2010),
('ASMI/56/2010-2011', '2010-06-25', 'TELEPHONIC', '2010-06-24', '59', '2010-06-25', '1450.00', '20', '.', '2010-06-25', '4', '', 0.00, 70.00, 0.00, 29.00, 0.00, 0.00, '1', 1549.00, '', 56, 2010),
('ASMI/57/2010-2011', '2010-06-28', '1889', '2010-06-07', '62', '2010-06-28', '11500.00', '6', '458934339', '2010-06-28', '3', '', 0.00, 0.00, 0.00, 230.00, 0.00, 0.00, '2', 11730.00, '', 57, 2010),
('ASMI/58/2010-2011', '2010-06-30', 'DIRECT', '2010-06-24', '63', '2010-06-30', '2176.95', '32', '.', '2010-06-30', '5', '', 272.12, 0.00, 0.00, 0.00, 0.00, 0.00, '.', 2449.00, '', 58, 2010),
('ASMI/59/2010-2011', '2010-06-30', 'E-MAIL', '2010-06-18', '64', '2010-06-30', '87450.00', '25', '463719082', '2010-06-30', '3', '', 0.00, 630.00, 0.00, 1749.00, 0.00, 0.00, '10', 89829.00, 'GOODS SENT VIDE WAYBILL NO.BB1129018.\r\nFREIGHT PAID(RS.630/-) FOR SENDING GOODS EARLIER.\r\nREF.OUR E-MAIL DATED 16.06.10', 59, 2010),
('ASMI/60/2010-2011', '2010-06-30', 'DIRECT', '2010-06-22', '60,61', '2010-06-26', '15720.00', '19', '.', '2010-06-30', '5', '', 1965.00, 0.00, 0.00, 0.00, 0.00, 0.00, '.', 17685.00, '', 60, 2010),
('ASMI/61/2010-2011', '2010-07-06', '1926,1963,2036', '2010-06-12', '65', '2010-07-06', '20050.00', '6', '463719099', '2010-07-06', '3', '', 0.00, 0.00, 0.00, 401.00, 0.00, 0.00, '2', 20451.00, '', 61, 2010),
('ASMI/62/2010-2011', '2010-07-07', 'TELEPHONIC', '2010-07-07', '66', '2010-07-07', '2549.70', '23', '.', '2010-07-07', '5', '', 318.71, 0.00, 0.00, 0.00, 0.00, 0.00, '.', 2868.00, 'SENT L-60 10 NO(S)  ', 62, 2010),
('ASMI/63/2010-2011', '2010-07-07', '1968,2052', '2010-06-18', '67', '2010-07-07', '7900.00', '6', '463719914', '2010-07-07', '3', '', 0.00, 0.00, 0.00, 158.00, 0.00, 0.00, '1', 8058.00, '', 63, 2010),
('ASMI/64/2010-2011', '2010-07-08', 'TELEPHONIC', '2010-07-06', '68', '2010-07-08', '5600.00', '17', '463719921', '2010-07-08', '3', '', 0.00, 0.00, 0.00, 112.00, 0.00, 0.00, '1', 5712.00, '', 64, 2010),
('ASMI/65/2010-2011', '2010-07-09', 'TELEPHONIC', '2010-06-29', '69', '2010-07-09', '20750.00', '20', '4592009', '2010-07-09', '4', '', 0.00, 2700.00, 0.00, 207.50, 0.00, 0.00, '4', 23658.00, 'MFA 70MM/1000ML WITH B-40 SOCKET ALONGWITH ANODISED CLAMP 1 COMPLETE SET REPLACED.', 65, 2010),
('ASMI/66/2010-2011', '2010-07-10', 'TELEPHONIC', '2010-06-30', '70', '2010-07-10', '2400.00', '47', '.', '2010-07-10', '5', '', 300.00, 0.00, 0.00, 0.00, 0.00, 0.00, '.', 2700.00, 'B-29 Stop Cock supplied by party.', 66, 2010),
('ASMI/67/2010-2011', '2010-07-10', 'TELEPHONIC', '2010-06-28', '71', '2010-07-10', '1500.00', '18', '.', '2010-07-10', '5', '', 187.50, 0.00, 0.00, 0.00, 0.00, 0.00, '.', 1688.00, '', 67, 2010),
('ASMI/68/2010-2011', '2010-07-12', 'TELEPHONIC', '2010-07-10', '72', '2010-07-12', '1000.00', '17', '4592018', '2010-07-12', '4', '', 0.00, 70.00, 0.00, 10.00, 0.00, 0.00, '1', 1080.00, '', 68, 2010),
('ASMI/69/2010-2011', '2010-07-12', 'TELEPHONIC', '2010-07-10', '73', '2010-07-12', '7800.00', '20', '4592019', '2010-07-12', '4', '', 0.00, 660.00, 0.00, 78.00, 0.00, 0.00, '1', 8538.00, '', 69, 2010),
('ASMI/70/2010-2011', '2010-07-15', 'TELEPHONIC', '2010-07-15', '74', '2010-07-15', '960.00', '11', '4592040', '2010-07-15', '4', '', 0.00, 140.00, 0.00, 9.60, 0.00, 0.00, '', 1110.00, '', 70, 2010),
('ASMI/73/2010-2011', '2010-07-22', 'TELEPHONIC', '2010-07-22', '79', '2010-07-22', '1200.00', '9', '4592792', '2010-07-22', '4', '', 0.00, 140.00, 0.00, 12.00, 0.00, 0.00, '', 1352.00, '', 73, 2010),
('ASMI/71/2010-2011', '2010-07-17', 'TELEPHONIC', '2010-07-16', '75', '2010-07-17', '1600.00', '32', '.', '1970-01-01', '5', '', 200.00, 0.00, 0.00, 0.00, 0.00, 0.00, '', 1800.00, '', 71, 2010),
('ASMI/72/2010-2011', '2010-07-17', 'TELEPHONIC', '2010-07-13', '76', '2010-07-17', '6450.00', '20', '4592459', '2010-07-17', '4', '', 0.00, 480.00, 0.00, 64.50, 0.00, 0.00, '', 6995.00, '', 72, 2010),
('ASMI/74/2010-2011', '2010-07-22', 'TELEPHONIC', '2010-07-16', '80', '2010-07-22', '1400.00', '20', '4592793', '2010-07-22', '4', '', 0.00, 70.00, 0.00, 14.00, 0.00, 0.00, '', 1484.00, '', 74, 2010),
('ASMI/75/2010-2011', '2010-07-22', 'E-MAIL', '2010-07-14', '81', '2010-07-22', '2950.00', '14', '463719938', '2010-07-22', '3', '', 0.00, 0.00, 0.00, 29.50, 0.00, 0.00, '', 2980.00, '', 75, 2010),
('ASMI/76/2010-2011', '2010-07-23', 'TELEPHONIC', '2010-07-15', '77', '2010-07-20', '2647.58', '45', '.', '2010-07-23', '5', '', 330.95, 0.00, 0.00, 0.00, 0.00, 0.00, '', 2979.00, '', 76, 2010),
('ASMI/77/2010-2011', '2010-07-23', 'TELEPHONIC', '2010-07-16', '78', '2010-07-21', '3600.00', '19', '.', '2010-07-23', '5', '', 450.00, 0.00, 0.00, 0.00, 0.00, 0.00, '', 4050.00, '', 77, 2010),
('ASMI/78/2010-2011', '2010-07-23', 'TELEPHONIC', '2010-07-22', '82', '2010-07-23', '480.00', '8', '4593123', '2010-07-23', '4', '', 0.00, 70.00, 0.00, 4.80, 0.00, 0.00, '', 555.00, '', 78, 2010),
('ASMI/79/2010-2011', '2010-07-28', 'TELEPHONIC', '2010-07-27', '83', '2010-07-28', '3750.00', '20', '4593240', '2010-07-28', '4', '', 0.00, 420.00, 0.00, 37.50, 0.00, 0.00, '', 4208.00, '', 79, 2010),
('ASMI/80/2010-2011', '2010-07-28', 'E-MAIL', '2010-07-22', '84', '2010-07-28', '380.00', '14', '4593241', '2010-07-28', '4', '', 0.00, 60.00, 0.00, 3.80, 0.00, 0.00, '', 444.00, '', 80, 2010),
('ASMI/81/2010-2011', '2010-07-28', 'DIRECT', '2010-07-28', '85', '2010-07-28', '240.00', '32', '.', '2010-07-28', '5', '', 30.00, 0.00, 0.00, 0.00, 0.00, 0.00, '', 270.00, '', 81, 2010),
('ASMI/82/2010-2011', '2010-07-30', 'DIRECT', '2010-07-30', '86', '2010-07-30', '440.00', '32', '.', '2010-07-30', '5', '', 55.00, 0.00, 0.00, 0.00, 0.00, 0.00, '', 495.00, '', 82, 2010),
('ASMI/83/2010-2011', '2010-08-04', 'TELEPHONIC', '2010-07-31', '87', '2010-08-04', '4800.00', '9', '4594051', '2010-08-04', '4', '', 0.00, 280.00, 0.00, 48.00, 0.00, 0.00, '', 5128.00, '', 83, 2010),
('ASMI/84/2010-2011', '2010-08-05', 'TELEPHONIC', '2010-08-04', '88', '2010-08-05', '520.00', '19', '.', '2010-08-05', '5', '', 65.00, 0.00, 0.00, 0.00, 0.00, 0.00, '', 585.00, '', 84, 2010),
('ASMI/85/2010-2011', '2010-08-10', 'TELEPHONIC', '2010-08-09', '89', '2010-08-10', '15000.00', '19', '.', '2010-08-10', '5', '', 1875.00, 0.00, 0.00, 0.00, 0.00, 0.00, '', 16875.00, '', 85, 2010),
('ASMI/86/2010-2011', '2010-08-10', 'DIRECT', '2010-08-05', '90', '2010-08-10', '1400.00', '18', '', '2010-08-10', '5', '', 175.00, 0.00, 0.00, 0.00, 0.00, 0.00, '', 1575.00, '', 86, 2010),
('ASMI/87/2010-2011', '2010-08-11', 'TELEPHONIC', '2010-08-05', '91', '2010-08-11', '265.00', '20', '4594190', '2010-08-11', '4', '', 0.00, 70.00, 0.00, 5.30, 0.00, 0.00, '', 340.00, '', 87, 2010),
('ASMI/88/2010-2011', '2010-08-12', 'TELEPHONIC', '2010-08-06', '92', '2010-08-12', '1520.00', '47', '.', '2010-08-12', '5', '', 190.00, 0.00, 0.00, 0.00, 0.00, 0.00, '', 1710.00, '', 88, 2010),
('ASMI/89/2010-2011', '2010-08-14', '2146(22.7.10),2225(3.8.10)', '2010-07-27', '93', '2010-08-14', '16050.00', '6', '463719945', '2010-08-14', '3', '', 0.00, 0.00, 0.00, 321.00, 0.00, 0.00, '', 16371.00, '', 89, 2010),
('ASMI/90/2010-2011', '2010-08-16', 'TELEPHONIC', '2010-08-07', '94', '2010-08-16', '11740.00', '10', '457165697', '2010-08-16', '3', '', 0.00, 637.00, 0.00, 234.80, 0.00, 0.00, '', 12612.00, '', 90, 2010),
('ASMI/91/2010-2011', '2010-08-17', 'TELEPHONIC', '2010-08-11', '95', '2010-08-17', '26843.00', '20', '', '2010-08-17', '4', '', 0.00, 2520.00, 0.00, 536.86, 0.00, 0.00, '', 29900.00, '', 91, 2010),
('ASMI/92/2010-2011', '2010-08-18', 'DIRECT', '2010-08-18', '96', '2010-08-18', '2131.50', '45', '.', '2010-08-18', '5', '', 266.44, 0.00, 0.00, 0.00, 0.00, 0.00, '', 2398.00, '', 92, 2010),
('ASMI/93/2010-2011', '2010-08-18', '2257(07.08.10);2328(17.08.10)', '2010-08-07', '97', '2010-08-18', '8000.00', '6', '4594738', '2010-08-18', '4', '', 0.00, 360.00, 0.00, 160.00, 0.00, 0.00, '', 8520.00, '', 93, 2010),
('ASMI/94/2010-2011', '2010-08-21', '2206', '2010-07-31', '98', '2010-08-21', '8000.00', '6', '457165703', '2010-08-21', '3', '', 0.00, 0.00, 0.00, 160.00, 0.00, 0.00, '', 8160.00, '', 94, 2010),
('ASMI/95/2010-2011', '2010-08-26', '2267', '2010-08-09', '99', '2010-08-26', '17975.00', '6', '4595341', '2010-08-26', '4', '', 0.00, 480.00, 0.00, 359.50, 0.00, 0.00, '', 18815.00, '', 95, 2010),
('ASMI/96/2010-2011', '2010-08-30', 'TELEPHONIC', '2010-05-15', '100', '2010-08-30', '49950.00', '25', '457165710', '2010-08-30', '3', '', 0.00, 140.00, 0.00, 999.00, 0.00, 0.00, '', 51089.00, 'Goods send vide waybill no.BB1187739. The freight of Rs.140/- is added for the docket 4592493 dated 20.07.10', 96, 2010),
('ASMI/97/2010-2011', '2010-08-30', 'E-MAIL', '2010-08-10', '101', '2010-08-30', '11250.00', '4', '457165727', '2010-08-30', '3', '', 0.00, 0.00, 1134.00, 225.00, 0.00, 0.00, '', 10341.00, 'Less against Tax Deposited for the bill no.ASMI/26/09-10 dated 13.06.09.', 97, 2010),
('ASMI/98/2010-2011', '2010-08-30', 'E-MAIL', '2010-08-25', '102', '2010-08-30', '12755.00', '20', '455953937', '2010-08-30', '3', '', 0.00, 636.00, 0.00, 255.10, 0.00, 0.00, '', 13646.00, '', 98, 2010),
('ASMI/99/2010-2011', '2010-08-31', '2304', '2010-08-14', '103', '2010-08-31', '20920.00', '6', '455954064', '2010-08-31', '3', '', 0.00, 0.00, 0.00, 418.40, 0.00, 0.00, '', 21338.00, '', 99, 2010),
('ASMI/100/2010-2011', '2010-08-31', 'TELEPHONIC', '2010-08-31', '104', '2010-08-31', '2250.00', '11', '4595801', '2010-08-31', '4', '', 0.00, 140.00, 0.00, 45.00, 0.00, 0.00, '', 2435.00, '', 100, 2010),
('ASMI/101/2010-2011', '2010-09-04', 'E-MAIL', '2010-08-25', '106', '2010-09-04', '5568.00', '20', '4596101', '2010-09-04', '4', '', 0.00, 360.00, 0.00, 111.36, 0.00, 0.00, '', 6039.00, '', 101, 2010),
('ASMI/102/2010-2011', '2010-09-15', 'TELEPHONIC', '2010-09-15', '105', '2010-09-15', '4100.00', '18', '', '2010-09-15', '5', '', 512.50, 0.00, 0.00, 0.00, 0.00, 0.00, '', 4613.00, '', 102, 2010),
('ASMI/103/2010-2011', '2010-09-18', 'TELEPHONIC', '2010-09-04', '107', '2010-09-18', '8400.00', '20', '4596881', '2010-09-18', '4', '', 0.00, 1080.00, 0.00, 168.00, 0.00, 0.00, '', 9648.00, '', 103, 2010),
('ASMI/104/2010-2011', '2010-09-20', 'TELEPHONIC', '2010-09-04', '108', '2010-09-20', '21250.00', '20', '455966357', '2010-09-20', '3', '', 0.00, 1091.00, 0.00, 425.00, 0.00, 0.00, '', 22766.00, '', 104, 2010),
('ASMI/105/2010-2011', '2010-09-25', 'TELEPHONIC', '2010-09-21', '110', '2010-09-25', '1500.00', '9', '4597459', '2010-09-25', '4', '', 0.00, 140.00, 0.00, 30.00, 0.00, 0.00, '', 1670.00, '', 105, 2010),
('ASMI/106/2010-2011', '2010-09-27', 'TELEPHONIC', '2010-08-21', '111', '2010-09-27', '22780.00', '54', '', '2010-09-27', '5', '', 2847.50, 0.00, 0.00, 0.00, 0.00, 0.00, '', 25628.00, '', 106, 2010),
('ASMI/107/2010-2011', '2010-09-28', 'E-MAIL', '2010-09-28', '112', '2010-09-28', '2125.00', '14', '4597466', '2010-09-28', '4', '', 0.00, 280.00, 0.00, 42.50, 0.00, 0.00, '', 2448.00, '', 107, 2010),
('ASMI/108/2010-2011', '2010-09-28', 'TELEPHONIC', '2010-09-21', '109', '2010-09-21', '1185.60', '45', '.', '2010-09-28', '5', '', 148.20, 0.00, 0.00, 0.00, 0.00, 0.00, '', 1334.00, '', 108, 2010),
('ASMI/109/2010-2011', '2010-09-30', 'TELEPHONIC', '2010-09-30', '113', '2010-09-30', '2253.69', '44', '', '2010-09-30', '5', '', 281.71, 0.00, 0.00, 0.00, 0.00, 0.00, '', 2535.00, '', 109, 2010),
('ASMI/110/2010-2011', '2010-09-30', '2230', '2010-08-04', '114', '2010-09-30', '100000.00', '6', '455966364', '2010-09-30', '3', '', 0.00, 0.00, 0.00, 2000.00, 0.00, 0.00, '', 102000.00, 'GOODS SENT VIDE WAY BILL NO.A 5105760', 110, 2010),
('ASMI/111/2010-2011', '2010-10-05', '2230', '2010-08-04', '115', '2010-10-05', '10000.00', '6', '4597637', '2010-10-05', '4', '', 0.00, 420.00, 0.00, 200.00, 0.00, 0.00, '', 10620.00, '', 111, 2010),
('ASMI/112/2010-2011', '2010-10-06', 'DIRECT', '2010-08-21', '116', '2010-10-06', '8000.00', '54', '', '2010-10-06', '5', '', 1000.00, 0.00, 0.00, 0.00, 0.00, 0.00, '', 9000.00, '', 112, 2010),
('ASMI/113/2010-2011', '2010-10-08', 'TELEPHONIC', '2010-10-07', '117', '2010-10-08', '900.00', '20', '4601552', '2010-10-08', '4', '', 0.00, 70.00, 0.00, 18.00, 0.00, 0.00, '', 988.00, '', 113, 2010),
('ASMI/114/2010-2011', '2010-10-13', '2552', '2010-09-16', '118', '2010-10-13', '31200.00', '6', '455966371', '2010-10-13', '3', '', 0.00, 0.00, 0.00, 624.00, 0.00, 0.00, '', 31824.00, 'GOODS SENT VIDE WAY BILL NO.\r\nA 5105763', 114, 2010),
('ASMI/115/2010-2011', '2010-10-13', 'TELEPHONIC', '2010-09-28', '119', '2010-10-13', '20540.00', '20', '455966388', '2010-10-13', '3', '', 0.00, 977.00, 0.00, 410.80, 0.00, 0.00, '', 21928.00, '', 115, 2010),
('ASMI/116/2010-2011', '2010-10-21', 'TELEPHONIC', '2010-09-28', '120', '2010-10-21', '8500.00', '20', '4601894', '2010-10-21', '4', '', 0.00, 480.00, 0.00, 170.00, 0.00, 0.00, '', 9150.00, '', 116, 2010),
('ASMI/117/2010-2011', '2010-10-27', '2768', '2010-10-21', '121', '2010-10-27', '24800.00', '6', '455966395', '2010-10-27', '3', '', 0.00, 0.00, 0.00, 496.00, 0.00, 0.00, '', 25296.00, 'Goods sent vide Waybill No.\r\nA 5105766', 117, 2010),
('ASMI/118/2010-2011', '2010-10-27', 'TELEPHONIC', '2010-10-27', '122', '2010-10-27', '15000.00', '19', '.', '2010-10-27', '5', '', 1875.00, 0.00, 0.00, 0.00, 0.00, 0.00, '', 16875.00, '', 118, 2010),
('ASMI/119/2010-2011', '2010-10-30', 'TELEPHONIC', '2010-10-30', '123', '2010-10-30', '5625.00', '20', '7642964', '2010-10-30', '4', '', 0.00, 300.00, 0.00, 112.50, 0.00, 0.00, '', 6038.00, '', 119, 2010),
('ASMI/120/2010-2011', '2010-10-30', 'TELEPHONIC', '2010-09-21', '124', '2010-10-30', '58000.00', '25', '455966401', '2010-10-30', '3', '', 0.00, 0.00, 0.00, 1160.00, 0.00, 0.00, '', 59160.00, 'Goods sent vide Waybill No.\r\nBB 2756523', 120, 2010),
('ASMI/121/2010-2011', '2010-11-04', 'GSI/2010-11/ORDER', '2010-10-15', '125', '2010-11-04', '16520.00', '8', '455966418', '2010-11-04', '3', '', 0.00, 0.00, 0.00, 330.40, 0.00, 0.00, '', 16850.00, '', 121, 2010),
('ASMI/122/2010-2011', '2010-11-08', 'GSI/2010-11/ORDER', '2010-10-15', '126', '2010-11-08', '13014.00', '8', '455966425', '2010-11-08', '3', '', 0.00, 0.00, 0.00, 260.28, 0.00, 0.00, '', 13274.00, '', 122, 2010),
('ASMI/123/2010-2011', '2010-11-08', 'TELEPHONIC', '2010-10-27', '127', '2010-11-08', '4500.00', '47', '', '2010-11-08', '5', '', 562.50, 0.00, 0.00, 0.00, 0.00, 0.00, '', 5063.00, '', 123, 2010),
('ASMI/124/2010-2011', '2010-11-12', 'TELEPHONIC', '2010-11-09', '128', '2010-11-12', '1000.00', '20', '7643716', '2010-11-12', '4', '', 0.00, 70.00, 0.00, 20.00, 0.00, 0.00, '', 1090.00, '', 124, 2010),
('ASMI/125/2010-2011', '2010-11-12', 'TELEPHONIC', '2010-11-12', '129', '2010-11-12', '1800.00', '9', '7643717', '2010-11-12', '4', '', 0.00, 140.00, 0.00, 36.00, 0.00, 0.00, '', 1976.00, '', 125, 2010),
('ASMI/126/2010-2011', '2010-11-18', 'TELEPHONIC', '2010-11-11', '130', '2010-11-18', '7250.00', '20', '466813176', '2010-11-18', '3', '', 0.00, 443.00, 0.00, 145.00, 0.00, 0.00, '', 7838.00, '', 126, 2010),
('ASMI/127/2010-2011', '2010-11-19', 'TELEPHONIC', '2010-11-04', '131', '2010-11-19', '42350.00', '25', '', '2010-11-19', '3', '', 0.00, 0.00, 0.00, 847.00, 0.00, 0.00, '', 43197.00, 'Goods sent vide way bill no.BB2756530.', 127, 2010),
('ASMI/128/2010-2011', '2010-11-20', 'TELEPHONIC', '2010-11-11', '132', '2010-11-20', '2200.00', '20', '7629127', '2010-11-20', '4', '', 0.00, 500.00, 0.00, 44.00, 0.00, 0.00, '', 2744.00, '', 128, 2010),
('ASMI/129/2010-2011', '2010-11-29', 'TELEPHONIC', '2010-11-25', '133', '2010-11-29', '15000.00', '19', '', '2010-11-29', '7', '', 2025.00, 0.00, 0.00, 0.00, 0.00, 0.00, '', 17025.00, '', 129, 2010),
('ASMI/130/2010-2011', '2010-11-29', 'TELEPHONIC', '2010-11-15', '134', '2010-11-29', '15600.00', '8', '466828637', '2010-11-29', '3', '', 0.00, 0.00, 0.00, 312.00, 0.00, 0.00, '', 15912.00, '', 130, 2010),
('ASMI/131/2010-2011', '2010-12-06', 'E-MAIL', '2010-10-20', '135', '2010-12-06', '19200.00', '14', 'CCU7148969', '2010-12-06', '4', '', 0.00, 1080.00, 0.00, 384.00, 0.00, 0.00, '', 20664.00, '', 131, 2010),
('ASMI/132/2010-2011', '2010-12-09', 'TELEPHONIC', '2010-12-07', '136', '2010-12-09', '2280.00', '20', 'CCU7149086', '2010-12-09', '4', '', 0.00, 280.00, 0.00, 45.60, 0.00, 0.00, '', 2606.00, '', 132, 2010),
('ASMI/133/2010-2011', '2010-12-10', 'TELEPHONIC', '2010-12-07', '137', '2010-12-10', '10250.00', '20', '466828644', '2010-12-10', '3', '', 0.00, 512.00, 0.00, 205.00, 0.00, 0.00, '', 10967.00, '1pc 300ml MFA Upper Cup due,will be despatch with next consignment.', 133, 2010),
('ASMI/134/2010-2011', '2010-12-11', 'TELEPHONIC', '2010-12-02', '138', '2010-12-11', '11400.00', '54', '', '2010-12-11', '7', '', 1539.00, 0.00, 0.00, 0.00, 0.00, 0.00, '', 12939.00, '', 134, 2010),
('ASMI/135/2010-2011', '2010-12-11', '2980;2999', '2010-11-26', '139', '2010-12-11', '9750.00', '6', '466828651', '2010-12-11', '3', '', 0.00, 0.00, 0.00, 195.00, 0.00, 0.00, '', 9945.00, '', 135, 2010),
('ASMI/136/2010-2011', '2010-12-11', 'E-MAIL', '2010-10-20', '140', '2010-12-11', '16000.00', '14', '466828668', '2010-12-11', '3', '', 0.00, 0.00, 0.00, 320.00, 0.00, 0.00, '', 16320.00, '', 136, 2010),
('ASMI/137/2010-2011', '2010-12-13', 'TELEPHONIC', '2010-12-06', '141', '2010-12-13', '4000.00', '19', '', '2010-12-13', '7', '', 540.00, 0.00, 0.00, 0.00, 0.00, 0.00, '', 4540.00, '', 137, 2010),
('ASMI/138/2010-2011', '2010-12-17', 'TELEPHONIC', '2010-12-16', '142', '2010-12-17', '5000.00', '9', '466828675', '2010-12-17', '3', '', 0.00, 0.00, 0.00, 100.00, 0.00, 0.00, '', 5100.00, '', 138, 2010),
('ASMI/139/2010-2011', '2010-12-17', 'E-MAIL', '2010-10-20', '143', '2010-12-17', '16000.00', '14', '466828682', '2010-12-17', '3', '', 0.00, 0.00, 0.00, 320.00, 0.00, 0.00, '', 16320.00, '', 139, 2010),
('ASMI/140/2010-2011', '2010-12-17', 'TELEPHONIC', '2010-12-14', '144', '2010-12-17', '15050.00', '20', '466828699', '2010-12-17', '3', '', 0.00, 792.00, 0.00, 301.00, 0.00, 0.00, '', 16143.00, '', 140, 2010),
('ASMI/141/2010-2011', '2010-12-22', '93', '2010-12-20', '145', '2010-12-22', '1800.00', '61', 'CCU7149791', '2010-12-22', '4', '', 0.00, 280.00, 0.00, 36.00, 0.00, 0.00, '', 2116.00, '', 141, 2010),
('ASMI/142/2010-2011', '2010-12-23', '3128', '2010-12-18', '146', '2010-12-23', '15120.00', '6', '466828705', '2010-12-23', '3', '', 0.00, 0.00, 0.00, 302.40, 0.00, 0.00, '', 15422.00, '', 142, 2010),
('ASMI/143/2010-2011', '2010-12-25', 'E-MAIL', '2010-10-20', '147', '2010-12-25', '20800.00', '14', '466828712', '2010-12-25', '3', '', 0.00, 0.00, 0.00, 416.00, 0.00, 0.00, '', 21216.00, '', 143, 2010),
('ASMI/144/2010-2011', '2010-12-29', 'TELEPHONIC', '2010-12-23', '149', '2010-12-29', '11680.00', '20', '466828729', '2010-12-29', '3', '', 0.00, 635.00, 0.00, 233.60, 0.00, 0.00, '', 12549.00, '', 144, 2010),
('ASMI/145/2010-2011', '2010-12-30', '3128;3119', '2010-12-18', '150', '2010-12-30', '22350.00', '6', '466828736', '2010-12-30', '3', '', 0.00, 0.00, 0.00, 447.00, 0.00, 0.00, '', 22797.00, '', 145, 2010),
('ASMI/146/2010-2011', '2010-12-31', 'TELEPHONIC', '2010-12-27', '151', '2010-12-31', '12050.00', '10', '466828750', '2010-12-31', '3', '', 0.00, 388.00, 720.00, 241.00, 0.00, 0.00, '', 11959.00, 'Adjustment for breakages of 6nos Buchner in Invoice no. ASMI/90/2010-2011 dt.16.8.10 @120/-', 146, 2010),
('ASMI/147/2010-2011', '2011-01-04', 'E-MAIL', '2010-10-20', '152', '2011-01-04', '9390.00', '14', 'CCU7155351', '2011-01-04', '4', '', 0.00, 360.00, 0.00, 187.80, 0.00, 0.00, '', 9938.00, '', 147, 2010),
('ASMI/148/2010-2011', '2011-01-04', 'TELEPHONIC', '2010-12-28', '153', '2011-01-04', '7950.00', '11', '466828767', '2011-01-04', '3', '', 0.00, 445.00, 0.00, 159.00, 0.00, 0.00, '', 8554.00, '', 148, 2010),
('ASMI/149/2010-2011', '2011-01-06', 'TELEPHONIC', '2010-12-27', '154', '2011-01-06', '4100.00', '20', 'CCU7155497', '2011-01-06', '4', '', 0.00, 360.00, 0.00, 82.00, 0.00, 0.00, '', 4542.00, '', 149, 2010),
('ASMI/150/2010-2011', '2011-01-07', 'TELEPHONIC', '2010-12-31', '155', '2011-01-07', '6500.00', '20', 'CCU7155527', '2011-01-07', '4', '', 0.00, 280.00, 0.00, 130.00, 0.00, 0.00, '', 6910.00, '300ml upper cup 10nos will be sent in next consignment.', 150, 2010),
('ASMI/151/2010-2011', '2011-01-07', 'VERBAL', '2010-12-20', '156', '2011-01-07', '4940.00', '62', 'CCU7155528', '2011-01-07', '4', '', 0.00, 280.00, 0.00, 98.80, 0.00, 0.00, '', 5319.00, '', 151, 2010),
('ASMI/152/2010-2011', '2011-01-08', 'TELEPHONIC', '2011-01-04', '157', '2011-01-08', '3650.00', '61', 'CCU7155590', '2011-01-08', '4', '', 0.00, 360.00, 0.00, 73.00, 0.00, 0.00, '', 4083.00, '', 152, 2010),
('ASMI/153/2010-2011', '2011-01-08', 'TELEPHONIC', '2010-12-30', '158', '2011-01-08', '1650.00', '20', 'CCU7155591', '2011-01-08', '4', '', 0.00, 70.00, 0.00, 33.00, 0.00, 0.00, '1', 1753.00, '', 153, 2010);

-- --------------------------------------------------------

--
-- Table structure for table `sales_order_details`
--

DROP TABLE IF EXISTS `sales_order_details`;
CREATE TABLE IF NOT EXISTS `sales_order_details` (
  `sales_order_detail_id` bigint(20) NOT NULL AUTO_INCREMENT,
  `sales_order_id` varchar(20) NOT NULL,
  `item_id` varchar(20) NOT NULL,
  `item_qty` double NOT NULL DEFAULT '0',
  `item_unit` varchar(20) NOT NULL,
  `item_rate` double(10,2) NOT NULL,
  `item_amount` double(10,2) NOT NULL,
  `capacity` varchar(20) DEFAULT NULL,
  `category` varchar(20) DEFAULT NULL,
  `item_decription` text,
  PRIMARY KEY (`sales_order_detail_id`)
) ENGINE=MyISAM  DEFAULT CHARSET=latin1 AUTO_INCREMENT=931 ;

--
-- Dumping data for table `sales_order_details`
--

INSERT INTO `sales_order_details` (`sales_order_detail_id`, `sales_order_id`, `item_id`, `item_qty`, `item_unit`, `item_rate`, `item_amount`, `capacity`, `category`, `item_decription`) VALUES
(1, 'ASMI/1/2010-2011', '55', 250, '4', 20.00, 5000.00, '30ML', 'G-4', ''),
(2, 'ASMI/2/2010-2011', '75', 12, '5', 650.00, 7800.00, '47MM/300ML', 'B-40', ''),
(3, 'ASMI/2/2010-2011', '175', 5, '4', 450.00, 2250.00, '90MM', 'G-2', ''),
(4, 'ASMI/2/2010-2011', '176', 10, '4', 100.00, 1000.00, '25MM', '.', ''),
(5, 'ASMI/3/2010-2011', '75', 12, '5', 650.00, 7800.00, '47MM/300ML', 'B-40', ''),
(6, 'ASMI/3/2010-2011', '175', 1, '4', 450.00, 450.00, '90MM', 'G-2', ''),
(7, 'ASMI/3/2010-2011', '174', 15, '4', 400.00, 6000.00, '65MM', 'G-2', ''),
(8, 'ASMI/4/2010-2011', '77', 3, '5', 375.00, 1125.00, '25MM/30ML', 'B-29', ''),
(9, 'ASMI/4/2010-2011', '25', 25, '4', 70.00, 1750.00, '80ML', 'G-3', ''),
(10, 'ASMI/4/2010-2011', '24', 75, '4', 70.00, 5250.00, '80ML', 'G-4', ''),
(11, 'ASMI/4/2010-2011', '132', 100, '4', 10.00, 1000.00, '20MM', 'G-3', ''),
(12, 'ASMI/4/2010-2011', '133', 200, '4', 10.00, 2000.00, '20MM', 'G-4', ''),
(180, 'ASMI/10/2010-2011', '140', 100, '4', 10.00, 1000.00, '20MM', 'G-2', ''),
(179, 'ASMI/10/2010-2011', '130', 100, '4', 10.00, 1000.00, '20MM', 'G-1', ''),
(150, 'ASMI/7/2010-2011', '161', 50, '6', 40.00, 2000.00, 'S-13', '.', ''),
(143, 'ASMI/7/2010-2011', '196', 6, '4', 40.00, 240.00, '40ML', 'G-1', ''),
(144, 'ASMI/7/2010-2011', '53', 100, '4', 25.00, 2500.00, '30ML', 'G-2', ''),
(145, 'ASMI/7/2010-2011', '54', 100, '4', 25.00, 2500.00, '30ML', 'G-3', ''),
(146, 'ASMI/7/2010-2011', '55', 100, '4', 25.00, 2500.00, '30ML', 'G-4', ''),
(147, 'ASMI/7/2010-2011', '43', 2, '4', 775.00, 1550.00, '1000ML', 'G-2', ''),
(148, 'ASMI/7/2010-2011', '44', 2, '4', 775.00, 1550.00, '1000ML', 'G-3', ''),
(149, 'ASMI/7/2010-2011', '45', 2, '4', 775.00, 1550.00, '1000ML', 'G-4', ''),
(129, 'ASMI/6/2010-2011', '174', 10, '4', 400.00, 4000.00, '65MM', 'G-2', ''),
(128, 'ASMI/5/2010-2011', '179', 7, '4', 30.00, 210.00, 'S-19', '.', ''),
(127, 'ASMI/5/2010-2011', '178', 2, '4', 20.00, 40.00, 'S-13', '.', ''),
(125, 'ASMI/5/2010-2011', '161', 6, '6', 40.00, 240.00, 'S-13', '.', ''),
(126, 'ASMI/5/2010-2011', '162', 6, '6', 60.00, 360.00, 'S-19', '.', ''),
(123, 'ASMI/5/2010-2011', '75', 12, '5', 700.00, 8400.00, '47MM/300ML', 'B-40', ''),
(124, 'ASMI/5/2010-2011', '177', 2, '4', 300.00, 600.00, '47MM', 'RUBBER CORK', ''),
(154, 'ASMI/8/2010-2011', '84', 10, '4', 425.00, 4250.00, '47MM', 'B-40', ''),
(153, 'ASMI/8/2010-2011', '75', 6, '5', 650.00, 3900.00, '47MM/300ML', 'B-40', ''),
(152, 'ASMI/7/2010-2011', '164', 50, '6', 80.00, 4000.00, 'S-35', '.', ''),
(151, 'ASMI/7/2010-2011', '162', 50, '6', 60.00, 3000.00, 'S-19', '.', ''),
(130, 'ASMI/6/2010-2011', '78', 20, '5', 375.00, 7500.00, '25MM/25ML', '', ''),
(161, 'ASMI/9/2010-2011', '197', 20, '5', 375.00, 7500.00, '25MM/30ML', 'RUBBER CORK', ''),
(178, 'ASMI/10/2010-2011', '199', 100, '4', 10.00, 1000.00, '15MM', 'G-2', ''),
(177, 'ASMI/10/2010-2011', '198', 100, '4', 10.00, 1000.00, '15MM', 'G-1', ''),
(176, 'ASMI/10/2010-2011', '33', 12, '4', 130.00, 1560.00, '200ML', 'G-2', ''),
(175, 'ASMI/10/2010-2011', '32', 12, '4', 130.00, 1560.00, '200ML', 'G-1', ''),
(174, 'ASMI/10/2010-2011', '60', 100, '4', 40.00, 4000.00, '50ML', 'G-4', ''),
(173, 'ASMI/10/2010-2011', '59', 50, '4', 40.00, 2000.00, '50ML', 'G-3', ''),
(172, 'ASMI/10/2010-2011', '55', 300, '4', 23.00, 6900.00, '30ML', 'G-4', ''),
(220, 'ASMI/11/2010-2011', '202', 20, '4', 150.00, 3000.00, '80ML', 'G-2', 'CONE 29/32'),
(219, 'ASMI/11/2010-2011', '201', 40, '4', 150.00, 6000.00, '80ML', 'G-1', 'CONE 29/32'),
(218, 'ASMI/11/2010-2011', '200', 40, '4', 90.00, 3600.00, '35ML', 'G-4', 'CONE 19/26'),
(221, 'ASMI/11/2010-2011', '203', 20, '4', 150.00, 3000.00, '80ML', 'G-4', 'CONE 29/32'),
(222, 'ASMI/11/2010-2011', '87', 40, '4', 225.00, 9000.00, '200ML', 'G-1', 'CONE 29/32'),
(223, 'ASMI/11/2010-2011', '93', 20, '4', 225.00, 4500.00, '200ML', 'G-2', 'CONE 29/32'),
(224, 'ASMI/11/2010-2011', '24', 24, '4', 80.00, 1920.00, '80ML', 'G-4', ''),
(225, 'ASMI/11/2010-2011', '52', 75, '4', 25.00, 1875.00, '30ML', 'G-1', ''),
(226, 'ASMI/11/2010-2011', '53', 75, '4', 25.00, 1875.00, '30ML', 'G-2', ''),
(227, 'ASMI/11/2010-2011', '54', 75, '4', 25.00, 1875.00, '30ML', 'G-3', ''),
(228, 'ASMI/11/2010-2011', '55', 75, '4', 25.00, 1875.00, '30ML', 'G-4', ''),
(229, 'ASMI/11/2010-2011', '57', 75, '4', 40.00, 3000.00, '50ML', 'G-1', ''),
(230, 'ASMI/11/2010-2011', '58', 50, '4', 40.00, 2000.00, '50ML', 'G-2', ''),
(231, 'ASMI/11/2010-2011', '59', 75, '4', 40.00, 3000.00, '50ML', 'G-3', ''),
(232, 'ASMI/11/2010-2011', '60', 50, '4', 40.00, 2000.00, '50ML', 'G-4', ''),
(233, 'ASMI/12/2010-2011', '204', 350, '4', 11.00, 3850.00, '12MM', 'G-2', 'THICKNESS 3MM'),
(234, 'ASMI/12/2010-2011', '204', 350, '4', 11.00, 3850.00, '12MM', 'G-2', 'THICKNESS 5MM'),
(235, 'ASMI/13/2010-2011', '82', 20, '5', 375.00, 7500.00, '25MM/25ML', 'RUBBER CORK', ''),
(236, 'ASMI/14/2010-2011', '205', 100, '4', 30.00, 3000.00, 'S-19', '.', ''),
(237, 'ASMI/14/2010-2011', '206', 100, '4', 40.00, 4000.00, 'S-19', '.', ''),
(238, 'ASMI/14/2010-2011', '207', 20, '4', 90.00, 1800.00, 'S-41', '.', ''),
(239, 'ASMI/15/2010-2011', '208', 2, '4', 550.00, 1100.00, '.', '.', 'DIA 80MM; 10'' LONG'),
(240, 'ASMI/15/2010-2011', '208', 2, '4', 700.00, 1400.00, '.', '.', 'DIA 90MM; 12'' LONG'),
(241, 'ASMI/15/2010-2011', '58', 1, '4', 40.00, 40.00, '50ML', 'G-2', ''),
(242, 'ASMI/15/2010-2011', '34', 1, '4', 160.00, 160.00, '200ML', 'G-3', ''),
(243, 'ASMI/15/2010-2011', '210', 1, '5', 600.00, 600.00, '25MM/25ML', 'RUBBER CORK', ''),
(244, 'ASMI/15/2010-2011', '209', 1, '5', 1200.00, 1200.00, '47MM/300ML', 'B-40', ''),
(251, 'ASMI/16/2010-2011', '63', 5, '4', 250.00, 1250.00, '300ML', '.', 'WITH CAP'),
(250, 'ASMI/16/2010-2011', '211', 3, '5', 1100.00, 3300.00, '47MM/500ML', 'B-40', ''),
(249, 'ASMI/16/2010-2011', '209', 4, '5', 900.00, 3600.00, '47MM/300ML', 'B-40', ''),
(252, 'ASMI/16/2010-2011', '212', 5, '4', 150.00, 750.00, '47MM', '.', ''),
(253, 'ASMI/17/2010-2011', '213', 103, '4', 50.00, 5150.00, '.', '.', ''),
(254, 'ASMI/17/2010-2011', '75', 10, '5', 550.00, 5500.00, '47MM/300ML', 'B-40', ''),
(255, 'ASMI/18/2010-2011', '72', 2, '5', 1200.00, 2400.00, '47MM/300ML', 'B-40', ''),
(260, 'ASMI/20/2010-2011', '270', 75, '4', 35.00, 2625.00, 'S-29', '.', ''),
(259, 'ASMI/19/2010-2011', '75', 20, '5', 650.00, 13000.00, '47MM/300ML', 'B-40', ''),
(261, 'ASMI/20/2010-2011', '205', 50, '4', 30.00, 1500.00, 'S-19', '.', ''),
(262, 'ASMI/20/2010-2011', '269', 50, '4', 30.00, 1500.00, 'S-13', '.', ''),
(263, 'ASMI/21/2010-2011', '75', 12, '5', 650.00, 7800.00, '47MM/300ML', 'B-40', ''),
(264, 'ASMI/21/2010-2011', '82', 12, '5', 375.00, 4500.00, '25MM/25ML', 'RUBBER CORK', ''),
(265, 'ASMI/21/2010-2011', '63', 12, '4', 250.00, 3000.00, '300ML', '.', ''),
(266, 'ASMI/21/2010-2011', '66', 6, '4', 100.00, 600.00, '50ML', '.', ''),
(267, 'ASMI/22/2010-2011', '43', 8, '4', 800.00, 6400.00, '1000ML', 'G-2', ''),
(268, 'ASMI/23/2010-2011', '271', 4, '4', 350.00, 1400.00, '500ML', '.', ''),
(270, 'ASMI/24/2010-2011', '231', 12.6, '7', 105.00, 1323.00, '.', '.', 'BOROSILICATE GLASS TUBINGS'),
(271, 'ASMI/25/2010-2011', '42', 4, '4', 800.00, 3200.00, '1000ML', 'G-1', ''),
(272, 'ASMI/25/2010-2011', '43', 2, '4', 800.00, 1600.00, '1000ML', 'G-2', ''),
(273, 'ASMI/25/2010-2011', '282', 12, '4', 100.00, 1200.00, '.', '.', ''),
(274, 'ASMI/25/2010-2011', '75', 12, '5', 650.00, 7800.00, '47MM/300ML', 'B-40', ''),
(287, 'ASMI/27/2010-2011', '222', 5, '7', 105.00, 525.00, 'M-28', '9 NO(S)', 'BOROSILICATE GLASS TUBINGS'),
(285, 'ASMI/26/2010-2011', '222', 2.2, '7', 105.00, 231.00, 'M-28', '4 NO(S)', 'BOROSILICATE GLASS TUBINGS'),
(286, 'ASMI/26/2010-2011', '224', 0.8, '7', 105.00, 84.00, 'M-38', '1 NO(S)', 'BOROSILICATE GLASS TUBINGS'),
(284, 'ASMI/26/2010-2011', '221', 1, '7', 105.00, 105.00, 'M-26', '2 NO(S)', 'BOROSILICATE GLASS TUBINGS'),
(283, 'ASMI/26/2010-2011', '217', 0.5, '7', 105.00, 52.50, 'M-13', '3 NO(S)', 'BOROSILICATE GLASS TUBINGS'),
(288, 'ASMI/27/2010-2011', '229', 5, '7', 105.00, 525.00, 'L-25', '17 NO(S)', 'BOROSILICATE GLASS TUBINGS'),
(289, 'ASMI/28/2010-2011', '229', 10, '7', 100.00, 1000.00, 'L-25', '33 NO(S)', 'BOROSILICATE GLASS TUBINGS'),
(290, 'ASMI/28/2010-2011', '237', 4.55, '7', 120.00, 546.00, 'L-50', '5 NO(S)', 'BOROSILICATE GLASS TUBINGS'),
(291, 'ASMI/29/2010-2011', '283', 5, '4', 300.00, 1500.00, '47MM', 'RUBBER CORK', ''),
(298, 'ASMI/32/2010-2011', '228', 1.1, '7', 105.00, 115.50, 'L-22', '4 NO(S)', 'BOROSILICATE GLASS TUBINGS'),
(297, 'ASMI/31/2010-2011', '234', 6.45, '7', 105.00, 677.25, 'L-40', '10 NO(S)', 'BOROSILICATE GLASS TUBINGS'),
(296, 'ASMI/30/2010-2011', '234', 15.48, '7', 105.00, 1625.40, 'L-40', '24 NO(S)', 'BOROSILICATE GLASS TUBINGS'),
(299, 'ASMI/32/2010-2011', '234', 1.29, '7', 105.00, 135.45, 'L-40', '2 NO(S)', 'BOROSILICATE GLASS TUBINGS'),
(300, 'ASMI/32/2010-2011', '235', 2.04, '7', 105.00, 214.20, 'L-42', '3 NO(S)', 'BOROSILICATE GLASS TUBINGS'),
(301, 'ASMI/32/2010-2011', '237', 1.83, '7', 120.00, 219.60, 'L-50', '2 NO(S)', 'BOROSILICATE GLASS TUBINGS'),
(302, 'ASMI/32/2010-2011', '254', 2.1, '7', 120.00, 252.00, 'L-55', '2 NO(S)', 'BOROSILICATE GLASS TUBINGS'),
(303, 'ASMI/32/2010-2011', '214', 0.3, '7', 105.00, 31.50, 'M-8', '3 NO(S)', 'BOROSILICATE GLASS TUBINGS'),
(304, 'ASMI/32/2010-2011', '215', 0.96, '7', 105.00, 100.80, 'M-10', '6 NO(S)', 'BOROSILICATE GLASS TUBINGS'),
(305, 'ASMI/32/2010-2011', '220', 2.52, '7', 105.00, 264.60, 'M-22', '6 NO(S)', 'BOROSILICATE GLASS TUBINGS'),
(306, 'ASMI/32/2010-2011', '222', 3.3, '7', 105.00, 346.50, 'M-28', '6 NO(S)', 'BOROSILICATE GLASS TUBINGS'),
(307, 'ASMI/33/2010-2011', '238', 21.4, '7', 120.00, 2568.00, 'L-60', '16 NO(S)', 'BOROSILICATE GLASS TUBINGS'),
(310, 'ASMI/34/2010-2011', '75', 6, '5', 800.00, 4800.00, '47MM/300ML', 'B-40', ''),
(311, 'ASMI/34/2010-2011', '270', 25, '4', 35.00, 875.00, 'S-29', '.', ''),
(357, 'ASMI/35/2010-2011', '285', 100, '4', 40.00, 4000.00, 'S-35', '.', ''),
(356, 'ASMI/35/2010-2011', '284', 100, '4', 35.00, 3500.00, 'S-29', '.', ''),
(355, 'ASMI/35/2010-2011', '205', 100, '4', 30.00, 3000.00, 'S-19', '.', ''),
(354, 'ASMI/35/2010-2011', '178', 100, '4', 20.00, 2000.00, 'S-13', '.', ''),
(353, 'ASMI/35/2010-2011', '24', 100, '4', 80.00, 8000.00, '80ML', 'G-4', ''),
(352, 'ASMI/35/2010-2011', '25', 100, '4', 80.00, 8000.00, '80ML', 'G-3', ''),
(351, 'ASMI/35/2010-2011', '22', 100, '4', 80.00, 8000.00, '80ML', 'G-2', ''),
(350, 'ASMI/35/2010-2011', '21', 100, '4', 80.00, 8000.00, '80ML', 'G-1', ''),
(349, 'ASMI/35/2010-2011', '18', 100, '4', 40.00, 4000.00, '35ML', 'G-4', ''),
(348, 'ASMI/35/2010-2011', '17', 100, '4', 40.00, 4000.00, '35ML', 'G-3', ''),
(347, 'ASMI/35/2010-2011', '16', 100, '4', 40.00, 4000.00, '35ML', 'G-2', ''),
(346, 'ASMI/35/2010-2011', '15', 100, '4', 40.00, 4000.00, '35ML', 'G-1', ''),
(345, 'ASMI/35/2010-2011', '60', 100, '4', 40.00, 4000.00, '50ML', 'G-4', ''),
(344, 'ASMI/35/2010-2011', '59', 100, '4', 40.00, 4000.00, '50ML', 'G-3', ''),
(343, 'ASMI/35/2010-2011', '58', 100, '4', 40.00, 4000.00, '50ML', 'G-2', ''),
(342, 'ASMI/35/2010-2011', '55', 100, '4', 25.00, 2500.00, '30ML', 'G-4', ''),
(341, 'ASMI/35/2010-2011', '54', 100, '4', 25.00, 2500.00, '30ML', 'G-3', ''),
(340, 'ASMI/35/2010-2011', '53', 100, '4', 25.00, 2500.00, '30ML', 'G-2', ''),
(339, 'ASMI/35/2010-2011', '52', 100, '4', 25.00, 2500.00, '30ML', 'G-1', ''),
(338, 'ASMI/35/2010-2011', '50', 100, '4', 20.00, 2000.00, '15ML', 'G-4', ''),
(337, 'ASMI/35/2010-2011', '49', 100, '4', 20.00, 2000.00, '15ML', 'G-3', ''),
(336, 'ASMI/35/2010-2011', '47', 100, '4', 20.00, 2000.00, '15ML', 'G-1', ''),
(358, 'ASMI/35/2010-2011', '270', 100, '4', 35.00, 3500.00, 'S-29', '.', ''),
(359, 'ASMI/35/2010-2011', '286', 100, '4', 40.00, 4000.00, 'S-35', '.', ''),
(361, 'ASMI/36/2010-2011', '43', 6, '4', 800.00, 4800.00, '1000ML', 'G-2', ''),
(362, 'ASMI/36/2010-2011', '82', 20, '5', 375.00, 7500.00, '25MM/25ML', 'RUBBER CORK', ''),
(363, 'ASMI/37/2010-2011', '287', 2, '4', 1500.00, 3000.00, '2000ML', 'G-1', ''),
(364, 'ASMI/37/2010-2011', '131', 20, '4', 20.00, 400.00, '30MM', 'G-1', ''),
(365, 'ASMI/37/2010-2011', '141', 20, '4', 20.00, 400.00, '30MM', 'G-2', ''),
(366, 'ASMI/38/2010-2011', '226', 15, '7', 105.00, 1575.00, '.', '.', 'BOROSILICATE GLASS TUBINGS'),
(374, 'ASMI/39/2010-2011', '78', 12, '5', 375.00, 4500.00, '25MM/15ML', 'RUBBER CORK', ''),
(373, 'ASMI/39/2010-2011', '75', 6, '5', 650.00, 3900.00, '47MM/300ML', 'B-40', ''),
(372, 'ASMI/39/2010-2011', '62', 6, '4', 425.00, 2550.00, '47MM', 'B-40', ''),
(371, 'ASMI/39/2010-2011', '17', 1, '4', 40.00, 40.00, '35ML', 'G-3', ''),
(375, 'ASMI/40/2010-2011', '82', 20, '5', 375.00, 7500.00, '25MM/25ML', 'RUBBER CORK', ''),
(376, 'ASMI/41/2010-2011', '240', 6.57, '7', 120.00, 788.40, 'L-70', '.', 'BOROSILICATE GLASS TUBING'),
(377, 'ASMI/42/2010-2011', '226', 30.08, '7', 105.00, 3158.40, 'L-10', '334 NO(S)', 'BOROSILICATE GLASS TUBINGS'),
(378, 'ASMI/42/2010-2011', '228', 5.055, '7', 105.00, 530.78, 'L-22', '21 NO(S)', 'BOROSILICATE GLASS TUBINGS'),
(379, 'ASMI/43/2010-2011', '285', 250, '4', 40.00, 10000.00, 'S-35', '.', ''),
(380, 'ASMI/43/2010-2011', '286', 250, '4', 40.00, 10000.00, 'S-35', '.', ''),
(381, 'ASMI/43/2010-2011', '206', 250, '4', 30.00, 7500.00, 'S-19', '.', ''),
(383, 'ASMI/44/2010-2011', '292', 1, '4', 1100.00, 1100.00, '1000ML', 'G-3', 'WITH B-24 CONE'),
(384, 'ASMI/45/2010-2011', '293', 20, '4', 10.00, 200.00, '20MM', 'G-0', ''),
(385, 'ASMI/45/2010-2011', '130', 20, '4', 10.00, 200.00, '20MM', 'G-1', ''),
(386, 'ASMI/45/2010-2011', '140', 20, '4', 10.00, 200.00, '20MM', 'G-2', ''),
(387, 'ASMI/46/2010-2011', '294', 6, '4', 135.00, 810.00, '80MM', 'G-0', ''),
(388, 'ASMI/46/2010-2011', '137', 12, '4', 135.00, 1620.00, '80MM', 'G-1', ''),
(389, 'ASMI/46/2010-2011', '204', 100, '4', 11.00, 1100.00, '12MM', 'G-2', ''),
(390, 'ASMI/47/2010-2011', '220', 5.14, '7', 105.00, 539.70, 'M-22', '14 NO(S)', 'BOROSILICATE GLASS TUBINGS'),
(391, 'ASMI/47/2010-2011', '227', 4.725, '7', 105.00, 496.12, 'L-18', '23 NO(S)', 'BOROSILICATE GLASS TUBINGS'),
(392, 'ASMI/47/2010-2011', '229', 5.76, '7', 95.00, 547.20, 'L-25', '22 NO(S)', 'BOROSILICATE GLASS TUBINGS'),
(393, 'ASMI/47/2010-2011', '233', 4.9, '7', 105.00, 514.50, 'L-36', '9 NO(S)', 'BOROSILICATE GLASS TUBINGS'),
(394, 'ASMI/47/2010-2011', '237', 14.6, '7', 120.00, 1752.00, 'L-50', '16 NO(S)', 'BOROSILICATE GLASS TUBINGS'),
(395, 'ASMI/48/2010-2011', '206', 600, '4', 30.00, 18000.00, 'S-19', '.', ''),
(396, 'ASMI/49/2010-2011', '161', 1, '6', 80.00, 80.00, 'S-13', '.', ''),
(397, 'ASMI/49/2010-2011', '207', 1, '4', 40.00, 40.00, 'S-19', '.', ''),
(398, 'ASMI/49/2010-2011', '214', 0.585, '7', 105.00, 61.43, 'M-8', '6 NO(S)', 'BOROSILICATE GLASS TUBINGS'),
(399, 'ASMI/49/2010-2011', '220', 5.105, '7', 105.00, 536.03, 'M-22', '14 NO(S)', 'BOROSILICATE GLASS TUBINGS'),
(400, 'ASMI/49/2010-2011', '221', 3.11, '7', 105.00, 326.55, 'M-26', '2 NO(S)', 'BOROSILICATE GLASS TUBINGS'),
(401, 'ASMI/49/2010-2011', '222', 5.68, '7', 105.00, 596.40, 'M-28', '10 NO(S)', 'BOROSILICATE GLASS TUBINGS'),
(402, 'ASMI/49/2010-2011', '223', 1.315, '7', 105.00, 138.07, 'M-34', '2 NO(S)', 'BOROSILICATE GLASS TUBINGS'),
(403, 'ASMI/49/2010-2011', '228', 1.21, '7', 105.00, 127.05, 'L-22', '5 NO(S)', 'BOROSILICATE GLASS TUBINGS'),
(404, 'ASMI/49/2010-2011', '227', 0.615, '7', 105.00, 64.58, 'L-18', '3 NO(S)', 'BOROSILICATE GLASS TUBINGS'),
(405, 'ASMI/49/2010-2011', '239', 1.46, '7', 120.00, 175.20, 'L-65', '1 NO(S)', 'BOROSILICATE GLASS TUBINGS'),
(418, 'ASMI/52/2010-2011', '75', 12, '5', 700.00, 8400.00, '47MM/300ML', 'B-40', ''),
(417, 'ASMI/51/2010-2011', '187', 4, '4', 450.00, 1800.00, '90MM', 'G-3', ''),
(415, 'ASMI/50/2010-2011', '45', 2, '4', 750.00, 1500.00, '1000ML', 'G-4', ''),
(416, 'ASMI/50/2010-2011', '225', 2.25, '7', 105.00, 236.25, 'M-45', '2 NO(S)', ''),
(414, 'ASMI/50/2010-2011', '43', 20, '4', 750.00, 15000.00, '1000ML', 'G-2', ''),
(428, 'ASMI/53/2010-2011', '233', 21.4, '7', 105.00, 2247.00, 'L-36', '42 NO(S)', 'BOROSILICATE GLASS TUBINGS'),
(427, 'ASMI/53/2010-2011', '259', 2.275, '7', 105.00, 238.88, 'M-9', '20 NO(S)', 'BOROSILICATE GLASS TUBINGS'),
(425, 'ASMI/53/2010-2011', '258', 1.64, '7', 105.00, 172.20, 'M-7', '15 NO(S)', 'BOROSILICATE GLASS TUBINGS'),
(426, 'ASMI/53/2010-2011', '214', 1.94, '7', 105.00, 203.70, 'M-8', '20 NO(S)', 'BOROSILICATE GLASS TUBINGS'),
(429, 'ASMI/53/2010-2011', '237', 4.085, '7', 120.00, 490.20, 'L-50', '4 NO(S)', 'BOROSILICATE GLASS TUBINGS'),
(430, 'ASMI/54/2010-2011', '258', 2.5, '7', 105.00, 262.50, 'M-7', '.', 'BOROSILICATE GLASS TUBINGS'),
(431, 'ASMI/54/2010-2011', '214', 2.56, '7', 105.00, 268.80, 'M-8', '.', 'BOROSILICATE GLASS TUBINGS'),
(432, 'ASMI/54/2010-2011', '259', 2.515, '7', 105.00, 264.08, 'M-9', '.', 'BOROSILICATE GLASS TUBINGS'),
(433, 'ASMI/54/2010-2011', '217', 5.01, '7', 105.00, 526.05, 'M-13', '.', 'BOROSILICATE GLASS TUBINGS'),
(434, 'ASMI/54/2010-2011', '260', 3.54, '7', 105.00, 371.70, 'M-14', '.', 'BOROSILICATE GLASS TUBINGS'),
(435, 'ASMI/54/2010-2011', '228', 5.125, '7', 105.00, 538.13, 'L-22', '.', 'BOROSILICATE GLASS TUBINGS'),
(436, 'ASMI/55/2010-2011', '81', 1, '5', 1800.00, 1800.00, '70MM/1000ML', 'B-40', ''),
(437, 'ASMI/55/2010-2011', '180', 4, '4', 450.00, 1800.00, '90MM', 'G-1', ''),
(438, 'ASMI/55/2010-2011', '35', 6, '4', 150.00, 900.00, '200ML', 'G-4', ''),
(439, 'ASMI/56/2010-2011', '141', 20, '4', 20.00, 400.00, '30MM', 'G-2', ''),
(440, 'ASMI/56/2010-2011', '142', 20, '4', 30.00, 600.00, '40MM', 'G-2', ''),
(441, 'ASMI/56/2010-2011', '295', 1, '4', 450.00, 450.00, '135 MM', 'G-2', ''),
(442, 'ASMI/57/2010-2011', '285', 100, '4', 40.00, 4000.00, 'S-35', '.', ''),
(443, 'ASMI/57/2010-2011', '202', 50, '4', 150.00, 7500.00, '80ML', 'G-2', 'Cone 29/32'),
(444, 'ASMI/58/2010-2011', '214', 0.29, '7', 105.00, 30.45, 'M-8', '3 NO(S)', 'BOROSILICATE GLASS TUBINGS'),
(445, 'ASMI/58/2010-2011', '259', 0.38, '7', 105.00, 39.90, 'M-9', '3 NO(S)', 'BOROSILICATE GLASS TUBINGS'),
(446, 'ASMI/58/2010-2011', '215', 0.45, '7', 105.00, 47.25, 'M-10', '3 NO(S)', 'BOROSILICATE GLASS TUBINGS'),
(447, 'ASMI/58/2010-2011', '219', 0.99, '7', 105.00, 103.95, 'M-20', '3 NO(S)', 'BOROSILICATE GLASS TUBINGS'),
(448, 'ASMI/58/2010-2011', '220', 2.165, '7', 105.00, 227.33, 'M-22', '6 NO(S)', 'BOROSILICATE GLASS TUBINGS'),
(449, 'ASMI/58/2010-2011', '222', 3.96, '7', 105.00, 415.80, 'M-28', '7 NO(S)', 'BOROSILICATE GLASS TUBINGS'),
(450, 'ASMI/58/2010-2011', '227', 0.82, '7', 105.00, 86.10, 'L-18', '4 NO(S)', 'BOROSILICATE GLASS TUBINGS'),
(451, 'ASMI/58/2010-2011', '228', 0.705, '7', 105.00, 74.02, 'L-22', '3 NO(S)', 'BOROSILICATE GLASS TUBINGS'),
(452, 'ASMI/58/2010-2011', '231', 3, '7', 105.00, 315.00, 'L-32', '7 NO(S)', 'BOROSILICATE GLASS TUBINGS'),
(453, 'ASMI/58/2010-2011', '235', 4.19, '7', 105.00, 439.95, 'L-42', '6 NO(S)', 'BOROSILICATE GLASS TUBINGS'),
(454, 'ASMI/58/2010-2011', '240', 3.31, '7', 120.00, 397.20, 'L-70', '2 NO(S)', 'BOROSILICATE GLASS TUBINGS'),
(455, 'ASMI/59/2010-2011', '16', 50, '4', 40.00, 2000.00, '35ML', 'G-2', ''),
(456, 'ASMI/59/2010-2011', '18', 50, '4', 40.00, 2000.00, '35ML', 'G-4', ''),
(457, 'ASMI/59/2010-2011', '21', 20, '4', 80.00, 1600.00, '80ML', 'G-1', ''),
(458, 'ASMI/59/2010-2011', '22', 20, '4', 80.00, 1600.00, '80ML', 'G-2', ''),
(459, 'ASMI/59/2010-2011', '24', 20, '4', 80.00, 1600.00, '80ML', 'G-4', ''),
(460, 'ASMI/59/2010-2011', '32', 10, '4', 130.00, 1300.00, '200ML', 'G-1', ''),
(461, 'ASMI/59/2010-2011', '33', 10, '4', 130.00, 1300.00, '200ML', 'G-2', ''),
(462, 'ASMI/59/2010-2011', '34', 10, '4', 130.00, 1300.00, '200ML', 'G-3', ''),
(463, 'ASMI/59/2010-2011', '35', 20, '4', 130.00, 2600.00, '200ML', 'G-4', ''),
(464, 'ASMI/59/2010-2011', '37', 10, '4', 300.00, 3000.00, '500ML', 'G-1', ''),
(465, 'ASMI/59/2010-2011', '38', 20, '4', 300.00, 6000.00, '500ML', 'G-2', ''),
(466, 'ASMI/59/2010-2011', '39', 10, '4', 300.00, 3000.00, '500ML', 'G-3', ''),
(467, 'ASMI/59/2010-2011', '40', 20, '4', 300.00, 6000.00, '500ML', 'G-4', ''),
(468, 'ASMI/59/2010-2011', '47', 100, '4', 20.00, 2000.00, '15ML', 'G-1', ''),
(469, 'ASMI/59/2010-2011', '48', 100, '4', 20.00, 2000.00, '15ML', 'G-2', ''),
(470, 'ASMI/59/2010-2011', '51', 12, '4', 35.00, 420.00, '15ML', 'G-5', ''),
(471, 'ASMI/59/2010-2011', '52', 100, '4', 23.00, 2300.00, '30ML', 'G-1', ''),
(472, 'ASMI/59/2010-2011', '53', 100, '4', 23.00, 2300.00, '30ML', 'G-2', ''),
(473, 'ASMI/59/2010-2011', '54', 100, '4', 23.00, 2300.00, '30ML', 'G-3', ''),
(474, 'ASMI/59/2010-2011', '55', 300, '4', 23.00, 6900.00, '30ML', 'G-4', ''),
(475, 'ASMI/59/2010-2011', '56', 12, '4', 45.00, 540.00, '30ML', 'G-5', ''),
(476, 'ASMI/59/2010-2011', '57', 100, '4', 40.00, 4000.00, '50ML', 'G-1', ''),
(477, 'ASMI/59/2010-2011', '58', 100, '4', 40.00, 4000.00, '50ML', 'G-2', ''),
(478, 'ASMI/59/2010-2011', '59', 100, '4', 40.00, 4000.00, '50ML', 'G-3', ''),
(479, 'ASMI/59/2010-2011', '60', 100, '4', 40.00, 4000.00, '50ML', 'G-4', ''),
(480, 'ASMI/59/2010-2011', '61', 12, '4', 70.00, 840.00, '50ML', 'G-5', ''),
(481, 'ASMI/59/2010-2011', '62', 2, '4', 350.00, 700.00, '47MM', 'B-40', ''),
(482, 'ASMI/59/2010-2011', '212', 50, '4', 150.00, 7500.00, '47MM', '.', ''),
(483, 'ASMI/59/2010-2011', '166', 14, '4', 350.00, 4900.00, '.', '.', 'size-3; sl.no.27-37,19,17;size-5;sl.no.28'),
(484, 'ASMI/59/2010-2011', '170', 4, '4', 400.00, 1600.00, '.', '.', 'size-1; sl.no.1/6;size-1A; si.no.1,13; size-3; sl.no.7'),
(485, 'ASMI/59/2010-2011', '169', 3, '4', 350.00, 1050.00, '.', '.', 'size-400;sl.no.16,17; size-300;sl.no.16'),
(486, 'ASMI/59/2010-2011', '168', 2, '4', 350.00, 700.00, '.', '.', 'size-150; sl.no.16; size-300; sl.no.28'),
(487, 'ASMI/59/2010-2011', '167', 6, '4', 350.00, 2100.00, '.', '.', 'size-C;sl.no.35,36,39,40,41; size-F;sl.no.13'),
(509, 'ASMI/62/2010-2011', '238', 12.86, '7', 120.00, 1543.20, 'L-60', '9 NO(S)', 'BOROSILICATE GLASS TUBINGS'),
(508, 'ASMI/62/2010-2011', '227', 10.065, '7', 100.00, 1006.50, 'L-18', '50 NO(S)', 'BOROSILICATE GLASS TUBINGS'),
(507, 'ASMI/61/2010-2011', '297', 10, '4', 90.00, 900.00, 'S-41', '.', ''),
(506, 'ASMI/61/2010-2011', '269', 20, '4', 50.00, 1000.00, 'S-29', '.', ''),
(505, 'ASMI/61/2010-2011', '179', 20, '4', 30.00, 600.00, 'S-13', '.', ''),
(504, 'ASMI/61/2010-2011', '296', 120, '4', 15.00, 1800.00, '30MM', 'G-0 (30MM)', ''),
(503, 'ASMI/61/2010-2011', '98', 70, '4', 225.00, 15750.00, '200ML', 'G-3 (200ML)', 'Cone 29/32'),
(502, 'ASMI/60/2010-2011', '82', 40, '5', 375.00, 15000.00, '25MM/25ML', 'RUBBER CORK', ''),
(501, 'ASMI/60/2010-2011', '286', 18, '4', 40.00, 720.00, 'S-35', '.', ''),
(510, 'ASMI/63/2010-2011', '325', 100, '4', 25.00, 2500.00, '30ML', 'G-0 (30ML)', ''),
(511, 'ASMI/63/2010-2011', '317', 60, '4', 40.00, 2400.00, '10MM', 'G-0 (10MM)', ''),
(512, 'ASMI/63/2010-2011', '318', 60, '4', 50.00, 3000.00, '20MM', 'G-0 (20MM)', ''),
(513, 'ASMI/64/2010-2011', '54', 100, '4', 28.00, 2800.00, '30ML', 'G-3 (30ML)', ''),
(514, 'ASMI/64/2010-2011', '55', 100, '4', 28.00, 2800.00, '30ML', 'G-4 (30ML)', ''),
(529, 'ASMI/65/2010-2011', '327', 20, '4', 12.00, 240.00, '25MM', 'G-4 (25MM)', ''),
(528, 'ASMI/65/2010-2011', '338', 30, '4', 12.00, 360.00, '25MM', 'G-0(25MM)', ''),
(527, 'ASMI/65/2010-2011', '175', 10, '4', 450.00, 4500.00, '90MM', 'G-2 (90MM)', ''),
(526, 'ASMI/65/2010-2011', '180', 4, '4', 450.00, 1800.00, '90MM', 'G-1 (90MM)', ''),
(525, 'ASMI/65/2010-2011', '40', 4, '4', 350.00, 1400.00, '500ML', 'G-4 (500ML)', ''),
(524, 'ASMI/65/2010-2011', '78', 10, '5', 375.00, 3750.00, '25MM/15ML', 'RUBBER CORK', ''),
(523, 'ASMI/65/2010-2011', '75', 12, '5', 650.00, 7800.00, '47MM/300ML', 'B-40', ''),
(530, 'ASMI/65/2010-2011', '328', 2, '4', 450.00, 900.00, '150MM', 'G-2(150MM)', ''),
(534, 'ASMI/66/2010-2011', '329', 1, '4', 1000.00, 1000.00, '.', 'G-3', '100mm Dia; Height 12'' with Socket 24; B-29 Stop Cock;'),
(533, 'ASMI/66/2010-2011', '329', 1, '4', 1400.00, 1400.00, '.', 'G-3', '130mm Dia; Height 15'' with Socket 24; B-29 Stop Cock;'),
(535, 'ASMI/67/2010-2011', '329', 1, '4', 900.00, 900.00, '.', 'G-3', '60mm Dia; Height 60'' with B-24 Stop Cock;'),
(536, 'ASMI/67/2010-2011', '329', 1, '4', 600.00, 600.00, '.', 'G-3', '38mm Dia; Height 48'' with B-19 Stop Cock;'),
(572, 'ASMI/70/2010-2011', '24', 12, '4', 80.00, 960.00, '80ML', 'G-4 (80ML)', ''),
(570, 'ASMI/69/2010-2011', '75', 12, '5', 650.00, 7800.00, '47MM/300ML', 'B-40', ''),
(569, 'ASMI/68/2010-2011', '166', 2, '4', 500.00, 1000.00, '.', '.', '(Size no.10; Sl.no. 11,17)'),
(579, 'ASMI/71/2010-2011', '44', 2, '4', 800.00, 1600.00, '1000ML', 'G-3 (1000ML)', ''),
(583, 'ASMI/72/2010-2011', '84', 6, '4', 425.00, 2550.00, '47MM', 'B-40', ''),
(582, 'ASMI/72/2010-2011', '75', 6, '5', 650.00, 3900.00, '47MM/300ML', 'B-40', ''),
(585, 'ASMI/73/2010-2011', '78', 3, '5', 400.00, 1200.00, '25MM/15ML', 'RUBBER CORK', ''),
(586, 'ASMI/74/2010-2011', '154', 10, '4', 50.00, 500.00, '50MM', 'G-3 (50MM)', ''),
(587, 'ASMI/74/2010-2011', '328', 2, '4', 450.00, 900.00, '150MM', 'G-2(150MM)', ''),
(588, 'ASMI/75/2010-2011', '72', 2, '5', 850.00, 1700.00, '47MM/300ML', 'B-40', ''),
(589, 'ASMI/75/2010-2011', '57', 10, '4', 40.00, 400.00, '50ML', 'G-1 (50ML)', ''),
(590, 'ASMI/75/2010-2011', '96', 2, '4', 425.00, 850.00, '500ML', 'G-2 (500ML)', 'with cone 29/32'),
(591, 'ASMI/76/2010-2011', '232', 16.095, '7', 105.00, 1689.98, 'L-34', '24 NO(S)', 'BOROSILICATE GLASS TUBINGS'),
(592, 'ASMI/76/2010-2011', '226', 9.12, '7', 105.00, 957.60, 'L-10', '101 NO(S)', 'BOROSILICATE GLASS TUBINGS'),
(593, 'ASMI/77/2010-2011', '330', 2, '5', 1800.00, 3600.00, '70MM/1000ML', 'B-40', ''),
(595, 'ASMI/78/2010-2011', '196', 12, '4', 40.00, 480.00, '40ML', 'G-2 (40ML)', ''),
(596, 'ASMI/79/2010-2011', '71', 6, '5', 625.00, 3750.00, '47MM/300ML', 'RUBBER CORK', ''),
(597, 'ASMI/79/2010-2011', '331', 1, '4', 0.00, 0.00, '1000ML', '.', 'SAMPLE'),
(598, 'ASMI/79/2010-2011', '332', 1, '4', 0.00, 0.00, '2.5 ML', '.', 'SAMPLE'),
(599, 'ASMI/80/2010-2011', '333', 2, '5', 190.00, 380.00, '50ML', 'G-1 (50ML)', ''),
(600, 'ASMI/81/2010-2011', '286', 6, '4', 40.00, 240.00, 'S-35', '.', ''),
(601, 'ASMI/82/2010-2011', '286', 11, '4', 40.00, 440.00, 'S-35', '.', ''),
(602, 'ASMI/83/2010-2011', '77', 12, '5', 400.00, 4800.00, '25MM/30ML', 'B-29', ''),
(603, 'ASMI/84/2010-2011', '286', 13, '4', 40.00, 520.00, 'S-35', '.', ''),
(604, 'ASMI/85/2010-2011', '82', 40, '5', 375.00, 15000.00, '25MM/25ML', 'RUBBER CORK', ''),
(606, 'ASMI/86/2010-2011', '319', 2, '4', 700.00, 1400.00, '.', '.', ''),
(607, 'ASMI/87/2010-2011', '320', 1, '4', 45.00, 45.00, '36MM', 'G-0 (36MM)', ''),
(608, 'ASMI/87/2010-2011', '321', 1, '4', 40.00, 40.00, '30MM', 'G-0 (30MM)', ''),
(609, 'ASMI/87/2010-2011', '322', 1, '4', 25.00, 25.00, '15MM', 'G-0 (15MM)', ''),
(610, 'ASMI/87/2010-2011', '323', 1, '4', 35.00, 35.00, '20MM', 'G-0 (20MM)', ''),
(611, 'ASMI/87/2010-2011', '324', 4, '4', 30.00, 120.00, '15MM', 'G-1 (15MM)', ''),
(612, 'ASMI/88/2010-2011', '335', 10, '4', 90.00, 900.00, '5ML', 'G-1(5ML)', 'with B-24 vaccum connection'),
(613, 'ASMI/88/2010-2011', '334', 2, '4', 150.00, 300.00, '.', 'G-1', 'Dia 28 mm, Height 300 mm, B-24 socket with Stopcock'),
(614, 'ASMI/88/2010-2011', '334', 2, '4', 160.00, 320.00, '.', 'G-1', 'Dia 32 mm, Height 300 mm, B-24 socket with Stopcock'),
(619, 'ASMI/89/2010-2011', '35', 20, '4', 160.00, 3200.00, '200ML', 'G-4 (200ML)', '[P.O.2225 dt. 03.08.10]'),
(618, 'ASMI/89/2010-2011', '103', 26, '4', 225.00, 5850.00, '200ML', 'G-4 (200ML)', 'with 29/32 cone at stem [P.O. 2146 ,dt.22.07.10]'),
(620, 'ASMI/89/2010-2011', '40', 20, '4', 350.00, 7000.00, '500ML', 'G-4 (500ML)', '[P.O.2225 dt. 03.08.10]'),
(621, 'ASMI/90/2010-2011', '55', 200, '4', 23.00, 4600.00, '30ML', 'G-4 (30ML)', ''),
(622, 'ASMI/90/2010-2011', '24', 30, '4', 70.00, 2100.00, '80ML', 'G-4 (80ML)', ''),
(623, 'ASMI/90/2010-2011', '34', 12, '4', 120.00, 1440.00, '200ML', 'G-3 (200ML)', ''),
(624, 'ASMI/90/2010-2011', '35', 30, '4', 120.00, 3600.00, '200ML', 'G-4 (200ML)', ''),
(625, 'ASMI/91/2010-2011', '129', 24, '4', 6.00, 144.00, '10MM', 'G-1 (10MM)', ''),
(626, 'ASMI/91/2010-2011', '199', 12, '4', 10.00, 120.00, '15MM', 'G-2 (15MM)', ''),
(627, 'ASMI/91/2010-2011', '198', 12, '4', 10.00, 120.00, '15MM', 'G-3 (15MM)', ''),
(628, 'ASMI/91/2010-2011', '150', 12, '4', 10.00, 120.00, '20MM', 'G-3 (20MM)', ''),
(629, 'ASMI/91/2010-2011', '326', 12, '4', 12.00, 144.00, '25MM', 'G-1 (25MM)', ''),
(630, 'ASMI/91/2010-2011', '152', 12, '4', 30.00, 360.00, '40MM', 'G-3 (40MM)', ''),
(631, 'ASMI/91/2010-2011', '133', 12, '4', 50.00, 600.00, '50MM', 'G-1 (50MM)', ''),
(632, 'ASMI/91/2010-2011', '154', 12, '4', 50.00, 600.00, '50MM', 'G-3 (50MM)', ''),
(633, 'ASMI/91/2010-2011', '75', 15, '5', 650.00, 9750.00, '47MM/300ML', 'B-40', ''),
(634, 'ASMI/91/2010-2011', '71', 6, '5', 625.00, 3750.00, '47MM/300ML', 'RUBBER CORK', ''),
(635, 'ASMI/91/2010-2011', '84', 5, '4', 425.00, 2125.00, '47MM', 'B-40', ''),
(636, 'ASMI/91/2010-2011', '74', 1, '5', 950.00, 950.00, '47MM/1000ML', 'RUBBER CORK', 'except 300ml upper cup'),
(637, 'ASMI/91/2010-2011', '180', 6, '4', 450.00, 2700.00, '90MM', 'G-1 (90MM)', ''),
(638, 'ASMI/91/2010-2011', '15', 6, '4', 40.00, 240.00, '35ML', 'G-1 (35ML)', ''),
(639, 'ASMI/91/2010-2011', '16', 6, '4', 40.00, 240.00, '35ML', 'G-2 (35ML)', ''),
(640, 'ASMI/91/2010-2011', '24', 16, '4', 80.00, 1280.00, '80ML', 'G-4 (80ML)', ''),
(641, 'ASMI/91/2010-2011', '45', 4, '4', 900.00, 3600.00, '1000ML', 'G-4 (1000ML)', ''),
(642, 'ASMI/92/2010-2011', '226', 20.3, '7', 105.00, 2131.50, 'L-10', '.', 'Borosilicate Glass Tubings'),
(646, 'ASMI/93/2010-2011', '207', 50, '4', 40.00, 2000.00, 'S-19', '.', '[P.O. 2328 DT.17.08.10]'),
(645, 'ASMI/93/2010-2011', '337', 200, '4', 30.00, 6000.00, '15MM', 'G-2', '5 inchs height disc dia 15mm [P.O. 2257 DT.07.08.10]'),
(647, 'ASMI/94/2010-2011', '206', 100, '4', 30.00, 3000.00, 'S-19', '.', ''),
(648, 'ASMI/94/2010-2011', '270', 100, '4', 35.00, 3500.00, 'S-29', '.', ''),
(649, 'ASMI/94/2010-2011', '269', 30, '4', 50.00, 1500.00, 'S-29', '.', ''),
(650, 'ASMI/95/2010-2011', '140', 110, '4', 10.00, 1100.00, '20MM', 'G-2 (20MM)', ''),
(651, 'ASMI/95/2010-2011', '142', 110, '4', 25.00, 2750.00, '40MM', 'G-2 (40MM)', ''),
(652, 'ASMI/95/2010-2011', '143', 110, '4', 50.00, 5500.00, '50MM', 'G-2 (50MM)', ''),
(653, 'ASMI/95/2010-2011', '144', 25, '4', 100.00, 2500.00, '60MM', 'G-2 (60MM)', ''),
(654, 'ASMI/95/2010-2011', '146', 25, '4', 120.00, 3000.00, '70MM', 'G-2 (70MM)', ''),
(655, 'ASMI/95/2010-2011', '339', 25, '4', 125.00, 3125.00, '75 MM', 'G-2 (75MM)', ''),
(670, 'ASMI/96/2010-2011', '166', 22, '4', 350.00, 7700.00, '.', '.', '[size: 3; sl.no.38-50] [size: 5; sl.no.30-39]'),
(669, 'ASMI/96/2010-2011', '167', 6, '4', 350.00, 2100.00, '.', '.', '[size: F; sl.no.22-27]'),
(668, 'ASMI/96/2010-2011', '169', 20, '4', 350.00, 7000.00, '.', '.', '[size:300; slno.18-29] [size: 400; sl.no.18-28]'),
(667, 'ASMI/96/2010-2011', '170', 17, '4', 400.00, 6800.00, '.', '.', '[size: 1; sl.no.14-17&19-21] [size:1A ;sl.no. 14-18] [size:3; sl.no. 8-12]'),
(666, 'ASMI/96/2010-2011', '75', 25, '5', 650.00, 16250.00, '47MM/300ML', 'B-40', ''),
(664, 'ASMI/96/2010-2011', '25', 50, '4', 80.00, 4000.00, '80ML', 'G-3 (80ML)', ''),
(665, 'ASMI/96/2010-2011', '24', 50, '4', 80.00, 4000.00, '80ML', 'G-4 (80ML)', ''),
(671, 'ASMI/96/2010-2011', '168', 6, '4', 350.00, 2100.00, '.', '.', '[size:300; sl.no. 29-34] (Send on 20.07.2010 vide The Professional Courier,Docket no.4592493)'),
(674, 'ASMI/97/2010-2011', '174', 25, '4', 450.00, 11250.00, '65MM', 'G-2 (65MM)', 'As per sample'),
(675, 'ASMI/97/2010-2011', '60', 1, '4', 0.00, 0.00, '50ML', 'G-4 (50ML)', 'As free sample'),
(676, 'ASMI/98/2010-2011', '60', 25, '4', 40.00, 1000.00, '50ML', 'G-4 (50ML)', ''),
(677, 'ASMI/98/2010-2011', '24', 6, '4', 80.00, 480.00, '80ML', 'G-4 (80ML)', ''),
(678, 'ASMI/98/2010-2011', '344', 1, '4', 1600.00, 1600.00, '2000ML', 'G-0 (2000ML)', ''),
(679, 'ASMI/98/2010-2011', '75', 12, '5', 650.00, 7800.00, '47MM/300ML', 'B-40', ''),
(680, 'ASMI/98/2010-2011', '71', 3, '5', 625.00, 1875.00, '47MM/300ML', 'RUBBER CORK', ''),
(681, 'ASMI/99/2010-2011', '340', 14, '4', 80.00, 1120.00, '80ML', 'G-0 (80ML)', ''),
(682, 'ASMI/99/2010-2011', '341', 20, '4', 160.00, 3200.00, '200ML', 'G-0 (200ML)', ''),
(683, 'ASMI/99/2010-2011', '342', 14, '4', 350.00, 4900.00, '500ML', 'G-0 (500ML)', ''),
(684, 'ASMI/99/2010-2011', '343', 13, '4', 900.00, 11700.00, '1000ML', 'G-0 (1000ML)', ''),
(686, 'ASMI/100/2010-2011', '345', 6, '5', 375.00, 2250.00, '25MM/50ML', 'B-29', ''),
(697, 'ASMI/101/2010-2011', '328', 5, '4', 450.00, 2250.00, '150MM', 'G-2(150MM)', ''),
(696, 'ASMI/101/2010-2011', '348', 5, '4', 450.00, 2250.00, '150MM', 'G-1(150MM)', ''),
(695, 'ASMI/101/2010-2011', '347', 2, '4', 150.00, 300.00, '90MM', 'G-4 (90MM)', ''),
(694, 'ASMI/101/2010-2011', '346', 24, '4', 20.00, 480.00, '30MM', 'G-1 (30MM)', ''),
(693, 'ASMI/101/2010-2011', '326', 24, '4', 12.00, 288.00, '25MM', 'G-1 (25MM)', ''),
(705, 'ASMI/103/2010-2011', '75', 6, '5', 650.00, 3900.00, '47MM/300ML', 'B-40', ''),
(704, 'ASMI/102/2010-2011', '357', 1, '4', 300.00, 300.00, '.', 'G-2', '30mm Dia 18inch from sintered fused with stop cock'),
(703, 'ASMI/102/2010-2011', '209', 2, '5', 1200.00, 2400.00, '47MM/300ML', 'B-40', ''),
(702, 'ASMI/102/2010-2011', '356', 2, '4', 700.00, 1400.00, '2000ML', '.', 'As per Sketch'),
(706, 'ASMI/103/2010-2011', '175', 10, '4', 450.00, 4500.00, '90MM', 'G-2 (90MM)', ''),
(707, 'ASMI/104/2010-2011', '75', 6, '5', 650.00, 3900.00, '47MM/300ML', 'B-40', ''),
(708, 'ASMI/104/2010-2011', '71', 10, '5', 625.00, 6250.00, '47MM/300ML', 'RUBBER CORK', ''),
(709, 'ASMI/104/2010-2011', '175', 20, '4', 450.00, 9000.00, '90MM', 'G-2 (90MM)', ''),
(710, 'ASMI/104/2010-2011', '347', 4, '4', 150.00, 600.00, '90MM', 'G-4 (90MM)', ''),
(711, 'ASMI/104/2010-2011', '129', 25, '4', 6.00, 150.00, '10MM', 'G-1 (10MM)', ''),
(712, 'ASMI/104/2010-2011', '139', 25, '4', 6.00, 150.00, '10MM', 'G-2 (10MM)', ''),
(713, 'ASMI/104/2010-2011', '282', 12, '4', 100.00, 1200.00, '.', '.', ''),
(720, 'ASMI/106/2010-2011', '361', 3, '4', 130.00, 390.00, '.', '.', ''),
(719, 'ASMI/106/2010-2011', '358', 1, '4', 8000.00, 8000.00, '5000 ML', '.', ''),
(718, 'ASMI/105/2010-2011', '365', 30, '4', 50.00, 1500.00, '30MM', 'G-4 (30MM)', 'Straight'),
(721, 'ASMI/106/2010-2011', '360', 3, '4', 130.00, 390.00, '.', '.', ''),
(722, 'ASMI/106/2010-2011', '289', 2, '4', 7000.00, 14000.00, '2000ML', 'G-3 (2000ML)', ''),
(723, 'ASMI/107/2010-2011', '49', 25, '4', 20.00, 500.00, '15ML', 'G-3 (15ML)', ''),
(724, 'ASMI/107/2010-2011', '54', 25, '4', 25.00, 625.00, '30ML', 'G-3 (30ML)', ''),
(725, 'ASMI/107/2010-2011', '59', 25, '4', 40.00, 1000.00, '50ML', 'G-3 (50ML)', ''),
(726, 'ASMI/108/2010-2011', '255', 7.41, '7', 160.00, 1185.60, 'L-100', '.', 'Borosilicate Glass Tubings'),
(727, 'ASMI/109/2010-2011', '220', 3.665, '7', 105.00, 384.83, 'M-22', '10 NO(S)', ''),
(728, 'ASMI/109/2010-2011', '222', 5.725, '7', 105.00, 601.13, 'M-28', '10 NO(S)', ''),
(729, 'ASMI/109/2010-2011', '235', 3.485, '7', 105.00, 365.93, 'L-42', '5 NO(S)', ''),
(730, 'ASMI/109/2010-2011', '239', 7.515, '7', 120.00, 901.80, 'L-65', '5 NO(S)', ''),
(731, 'ASMI/110/2010-2011', '205', 250, '4', 30.00, 7500.00, 'S-19', '.', ''),
(732, 'ASMI/110/2010-2011', '206', 250, '4', 30.00, 7500.00, 'S-19', '.', ''),
(733, 'ASMI/110/2010-2011', '284', 250, '4', 35.00, 8750.00, 'S-29', '.', ''),
(734, 'ASMI/110/2010-2011', '270', 250, '4', 35.00, 8750.00, 'S-29', '.', ''),
(735, 'ASMI/110/2010-2011', '285', 250, '4', 40.00, 10000.00, 'S-35', '.', ''),
(736, 'ASMI/110/2010-2011', '286', 250, '4', 40.00, 10000.00, 'S-35', '.', ''),
(737, 'ASMI/110/2010-2011', '367', 250, '4', 95.00, 23750.00, 'S-41', '.', ''),
(738, 'ASMI/110/2010-2011', '366', 250, '4', 95.00, 23750.00, 'S-41', '.', ''),
(739, 'ASMI/111/2010-2011', '178', 250, '4', 20.00, 5000.00, 'S-13', '.', ''),
(740, 'ASMI/111/2010-2011', '368', 250, '4', 20.00, 5000.00, 'S-13', '.', ''),
(741, 'ASMI/112/2010-2011', '358', 1, '4', 8000.00, 8000.00, '5000 ML', '.', ''),
(742, 'ASMI/113/2010-2011', '295', 2, '4', 450.00, 900.00, '135 MM', 'G-2 (135MM)', ''),
(743, 'ASMI/114/2010-2011', '35', 40, '4', 160.00, 6400.00, '200ML', 'G-4 (200ML)', ''),
(744, 'ASMI/114/2010-2011', '40', 40, '4', 350.00, 14000.00, '500ML', 'G-4 (500ML)', ''),
(745, 'ASMI/114/2010-2011', '45', 12, '4', 900.00, 10800.00, '1000ML', 'G-4 (1000ML)', ''),
(746, 'ASMI/115/2010-2011', '369', 7, '4', 110.00, 770.00, '.', '.', 'OD 12mm 30mm height; G-1; Hollow inside with Tube'),
(747, 'ASMI/115/2010-2011', '369', 7, '4', 110.00, 770.00, '.', '.', 'OD 12mm 30mm height; G-2; Hollow inside with Tube'),
(748, 'ASMI/115/2010-2011', '55', 25, '4', 30.00, 750.00, '30ML', 'G-4 (30ML)', ''),
(749, 'ASMI/115/2010-2011', '71', 6, '5', 625.00, 3750.00, '47MM/300ML', 'RUBBER CORK', ''),
(750, 'ASMI/115/2010-2011', '75', 20, '5', 650.00, 13000.00, '47MM/300ML', 'B-40', ''),
(751, 'ASMI/115/2010-2011', '150', 50, '4', 10.00, 500.00, '20MM', 'G-3 (20MM)', ''),
(752, 'ASMI/115/2010-2011', '370', 5, '4', 200.00, 1000.00, '100MM', 'G-3(100MM)', ''),
(753, 'ASMI/116/2010-2011', '372', 250, '4', 20.00, 5000.00, '2ML', 'G-2', 'As per sample'),
(754, 'ASMI/116/2010-2011', '40', 10, '4', 350.00, 3500.00, '500ML', 'G-4 (500ML)', ''),
(758, 'ASMI/117/2010-2011', '45', 12, '4', 900.00, 10800.00, '1000ML', 'G-4 (1000ML)', ''),
(757, 'ASMI/117/2010-2011', '40', 40, '4', 350.00, 14000.00, '500ML', 'G-4 (500ML)', ''),
(759, 'ASMI/118/2010-2011', '82', 40, '5', 375.00, 15000.00, '25MM/25ML', 'RUBBER CORK', ''),
(760, 'ASMI/119/2010-2011', '78', 15, '5', 375.00, 5625.00, '25MM/15ML', 'RUBBER CORK', ''),
(761, 'ASMI/120/2010-2011', '15', 50, '4', 40.00, 2000.00, '35ML', 'G-1 (35ML)', ''),
(762, 'ASMI/120/2010-2011', '17', 50, '4', 40.00, 2000.00, '35ML', 'G-3 (35ML)', ''),
(763, 'ASMI/120/2010-2011', '18', 30, '4', 40.00, 1200.00, '35ML', 'G-4 (35ML)', ''),
(764, 'ASMI/120/2010-2011', '21', 30, '4', 80.00, 2400.00, '80ML', 'G-1 (80ML)', ''),
(765, 'ASMI/120/2010-2011', '22', 50, '4', 80.00, 4000.00, '80ML', 'G-2 (80ML)', ''),
(766, 'ASMI/120/2010-2011', '25', 30, '4', 80.00, 2400.00, '80ML', 'G-3 (80ML)', ''),
(767, 'ASMI/120/2010-2011', '24', 20, '4', 80.00, 1600.00, '80ML', 'G-4 (80ML)', ''),
(768, 'ASMI/120/2010-2011', '32', 20, '4', 130.00, 2600.00, '200ML', 'G-1 (200ML)', ''),
(769, 'ASMI/120/2010-2011', '33', 20, '4', 130.00, 2600.00, '200ML', 'G-2 (200ML)', ''),
(770, 'ASMI/120/2010-2011', '34', 20, '4', 130.00, 2600.00, '200ML', 'G-3 (200ML)', ''),
(771, 'ASMI/120/2010-2011', '62', 6, '4', 350.00, 2100.00, '47MM', 'B-40', ''),
(772, 'ASMI/120/2010-2011', '75', 50, '5', 650.00, 32500.00, '47MM/300ML', 'B-40', ''),
(773, 'ASMI/121/2010-2011', '373', 200, '4', 25.00, 5000.00, '30ML', 'G-4 (30MM)', ''),
(774, 'ASMI/121/2010-2011', '33', 24, '4', 160.00, 3840.00, '200ML', 'G-2 (200ML)', ''),
(775, 'ASMI/121/2010-2011', '34', 24, '4', 160.00, 3840.00, '200ML', 'G-3 (200ML)', ''),
(776, 'ASMI/121/2010-2011', '35', 24, '4', 160.00, 3840.00, '200ML', 'G-4 (200ML)', ''),
(777, 'ASMI/122/2010-2011', '374', 36, '4', 40.00, 1440.00, '40ML', 'G-1 (40ML)', ''),
(778, 'ASMI/122/2010-2011', '37', 6, '4', 375.00, 2250.00, '500ML', 'G-1 (500ML)', ''),
(779, 'ASMI/122/2010-2011', '38', 6, '4', 375.00, 2250.00, '500ML', 'G-2 (500ML)', ''),
(780, 'ASMI/122/2010-2011', '40', 6, '4', 375.00, 2250.00, '500ML', 'G-4 (500ML)', ''),
(781, 'ASMI/122/2010-2011', '161', 24, '6', 40.00, 960.00, 'S-13', '.', ''),
(782, 'ASMI/122/2010-2011', '162', 12, '6', 60.00, 720.00, 'S-19', '.', ''),
(783, 'ASMI/122/2010-2011', '205', 12, '4', 30.00, 360.00, 'S-19', '.', ''),
(784, 'ASMI/122/2010-2011', '130', 50, '4', 10.00, 500.00, '20MM', 'G-1 (20MM)', ''),
(785, 'ASMI/122/2010-2011', '140', 50, '4', 10.00, 500.00, '20MM', 'G-2 (20MM)', ''),
(786, 'ASMI/122/2010-2011', '150', 50, '4', 10.00, 500.00, '20MM', 'G-3 (20MM)', ''),
(787, 'ASMI/122/2010-2011', '376', 24, '4', 10.00, 240.00, '25MM', 'G-4(25MM)', ''),
(788, 'ASMI/122/2010-2011', '326', 25, '4', 12.00, 300.00, '25MM', 'G-1 (25MM)', ''),
(789, 'ASMI/122/2010-2011', '375', 25, '4', 12.00, 300.00, '25MM', 'G-2(25MM)', ''),
(790, 'ASMI/122/2010-2011', '376', 25, '4', 12.00, 300.00, '25MM', 'G-3(25MM)', ''),
(791, 'ASMI/122/2010-2011', '327', 12, '4', 12.00, 144.00, '25MM', 'G-4(25MM)', ''),
(792, 'ASMI/123/2010-2011', '121', 20, '4', 225.00, 4500.00, '200ML', 'G-3 (200ML)', ''),
(796, 'ASMI/124/2010-2011', '378', 5, '4', 200.00, 1000.00, '100MM', 'G-4(100MM)', ''),
(797, 'ASMI/125/2010-2011', '379', 6, '4', 300.00, 1800.00, '47MM', '.', ''),
(799, 'ASMI/126/2010-2011', '75', 10, '5', 650.00, 6500.00, '47MM/300ML', 'B-40', ''),
(800, 'ASMI/126/2010-2011', '383', 1, '5', 750.00, 750.00, '47MM/500ML', 'B-40', ''),
(801, 'ASMI/127/2010-2011', '75', 50, '5', 650.00, 32500.00, '47MM/300ML', 'B-40', ''),
(802, 'ASMI/127/2010-2011', '167', 3, '4', 350.00, 1050.00, '.', '.', 'size. A; sl. no. 18,20,21.'),
(803, 'ASMI/127/2010-2011', '167', 6, '4', 350.00, 2100.00, '.', '.', 'size. B; sl. no. 27,28,29,30,31,33'),
(804, 'ASMI/127/2010-2011', '167', 3, '4', 350.00, 1050.00, '.', '.', 'size. C; sl. no.21,34,37'),
(805, 'ASMI/127/2010-2011', '167', 3, '4', 350.00, 1050.00, '.', '.', 'size.F; sl. no. 28,29,30'),
(806, 'ASMI/127/2010-2011', '168', 6, '4', 350.00, 2100.00, '.', '.', 'size.400; sl. no, 23,24,25,26,27,28'),
(807, 'ASMI/127/2010-2011', '169', 6, '4', 350.00, 2100.00, '.', '.', 'size.200; sl.no.11,12,13,14,15,17'),
(808, 'ASMI/127/2010-2011', '170', 1, '4', 400.00, 400.00, '.', '.', 'size.1; sl. no. 13'),
(809, 'ASMI/127/2010-2011', '32', 1, '4', 0.00, 0.00, '200ML', 'G-1 (200ML)', 'REPLACEMENT'),
(810, 'ASMI/127/2010-2011', '33', 1, '4', 0.00, 0.00, '200ML', 'G-2 (200ML)', 'REPLACEMENT'),
(811, 'ASMI/127/2010-2011', '34', 2, '4', 0.00, 0.00, '200ML', 'G-3 (200ML)', 'REPLACEMENT'),
(812, 'ASMI/128/2010-2011', '349', 1, '4', 1200.00, 1200.00, '.', '.', 'as per specification'),
(813, 'ASMI/128/2010-2011', '160', 1, '5', 400.00, 400.00, '25MM/15ML', 'B-29', ''),
(814, 'ASMI/128/2010-2011', '384', 2, '4', 300.00, 600.00, '120 MM', 'G-4(120MM)', ''),
(817, 'ASMI/129/2010-2011', '82', 40, '5', 375.00, 15000.00, '25MM/25ML', 'RUBBER CORK', ''),
(818, 'ASMI/130/2010-2011', '75', 24, '5', 650.00, 15600.00, '47MM/300ML', 'B-40', ''),
(829, 'ASMI/131/2010-2011', '169', 6, '4', 400.00, 2400.00, '.', '.', '[size.350;sl.no.11-16]'),
(828, 'ASMI/131/2010-2011', '169', 6, '4', 400.00, 2400.00, '.', '.', '[size.200;sl.no.20-25]'),
(827, 'ASMI/131/2010-2011', '168', 10, '4', 400.00, 4000.00, '.', '.', '[size.100;sl.no.23,24,25,26,27,28,30,32,33,34]'),
(826, 'ASMI/131/2010-2011', '168', 10, '4', 400.00, 4000.00, '.', '.', '[size.50;sl.no.20,21,22,24,27,28,29,30,31,32]'),
(825, 'ASMI/131/2010-2011', '168', 10, '4', 400.00, 4000.00, '.', '.', '[size.25;sl.no.23,24,25,27,28,29,32,33,34,35]'),
(830, 'ASMI/131/2010-2011', '169', 6, '4', 400.00, 2400.00, '.', '.', '[size.400;sl.no.31-36]'),
(831, 'ASMI/132/2010-2011', '286', 25, '4', 40.00, 1000.00, 'S-35', '.', ''),
(832, 'ASMI/132/2010-2011', '160', 1, '5', 400.00, 400.00, '25MM/15ML', 'B-29', ''),
(833, 'ASMI/132/2010-2011', '385', 1, '4', 80.00, 80.00, '.', '.', '25MM/12MM'),
(834, 'ASMI/132/2010-2011', '386', 4, '4', 200.00, 800.00, '100MM', 'G-3(100MM)', ''),
(835, 'ASMI/133/2010-2011', '75', 10, '5', 650.00, 6500.00, '47MM/300ML', 'B-40', ''),
(836, 'ASMI/133/2010-2011', '78', 10, '5', 375.00, 3750.00, '25MM/15ML', 'RUBBER CORK', ''),
(837, 'ASMI/134/2010-2011', '44', 2, '4', 2200.00, 4400.00, '1000ML', 'G-3 (1000ML)', ''),
(838, 'ASMI/134/2010-2011', '289', 1, '4', 7000.00, 7000.00, '2000ML', 'G-3 (2000ML)', ''),
(839, 'ASMI/135/2010-2011', '349', 15, '4', 350.00, 5250.00, '.', '.', '350ml spl.Buchner funnel fitted with Sintered Disc G-3,Cone size 24/29,Disc dia 60mm,funnel dia 80ml as per your diagram'),
(840, 'ASMI/135/2010-2011', '44', 5, '4', 900.00, 4500.00, '1000ML', 'G-3 (1000ML)', ''),
(841, 'ASMI/136/2010-2011', '168', 40, '4', 400.00, 16000.00, '.', '.', '[size.75;sl.no.11-19;21-25;27-38;40-54]'),
(845, 'ASMI/138/2010-2011', '77', 6, '5', 400.00, 2400.00, '25MM/30ML', 'B-29', ''),
(844, 'ASMI/137/2010-2011', '330', 2, '5', 2000.00, 4000.00, '70MM/1000ML', 'B-40', ''),
(846, 'ASMI/138/2010-2011', '79', 6, '5', 400.00, 2400.00, '25MM/50ML', 'B-29', ''),
(847, 'ASMI/138/2010-2011', '387', 1, '4', 200.00, 200.00, '25MM', 'B-29', ''),
(848, 'ASMI/139/2010-2011', '168', 40, '4', 400.00, 16000.00, '.', '.', '[size.200;sl.no.29,31,33-41,43-70,72]'),
(849, 'ASMI/140/2010-2011', '75', 15, '5', 650.00, 9750.00, '47MM/300ML', 'B-40', ''),
(850, 'ASMI/140/2010-2011', '388', 2, '5', 650.00, 1300.00, '47MM/300ML', 'B-34', ''),
(851, 'ASMI/140/2010-2011', '175', 6, '4', 450.00, 2700.00, '90MM', 'G-2 (90MM)', ''),
(852, 'ASMI/140/2010-2011', '55', 25, '4', 28.00, 700.00, '30ML', 'G-4 (30ML)', ''),
(853, 'ASMI/140/2010-2011', '286', 15, '4', 40.00, 600.00, 'S-35', '.', ''),
(854, 'ASMI/140/2010-2011', '63', 1, '4', 0.00, 0.00, '300ML', '.', 'REPLACEMENT'),
(855, 'ASMI/141/2010-2011', '45', 2, '4', 900.00, 1800.00, '1000ML', 'G-4 (1000ML)', ''),
(856, 'ASMI/142/2010-2011', '17', 126, '4', 40.00, 5040.00, '35ML', 'G-3 (35ML)', ''),
(857, 'ASMI/142/2010-2011', '25', 126, '4', 80.00, 10080.00, '80ML', 'G-3 (80ML)', ''),
(858, 'ASMI/143/2010-2011', '168', 12, '4', 400.00, 4800.00, '.', '.', '[size-350;sl.no.28,30-34,37-42]'),
(859, 'ASMI/143/2010-2011', '168', 40, '4', 400.00, 16000.00, '.', '.', '[size-150;sl.no.17-56]'),
(860, 'ASMI/144/2010-2011', '17', 30, '4', 40.00, 1200.00, '35ML', 'G-3 (35ML)', ''),
(861, 'ASMI/144/2010-2011', '18', 30, '4', 40.00, 1200.00, '35ML', 'G-4 (35ML)', ''),
(862, 'ASMI/144/2010-2011', '38', 4, '4', 350.00, 1400.00, '500ML', 'G-2 (500ML)', ''),
(863, 'ASMI/144/2010-2011', '40', 6, '4', 350.00, 2100.00, '500ML', 'G-4 (500ML)', ''),
(864, 'ASMI/144/2010-2011', '385', 6, '4', 80.00, 480.00, '.', '.', '[25MM/12MM;G-2]'),
(865, 'ASMI/144/2010-2011', '154', 10, '4', 50.00, 500.00, '50MM', 'G-3 (50MM)', ''),
(866, 'ASMI/144/2010-2011', '347', 6, '4', 150.00, 900.00, '90MM', 'G-4 (90MM)', ''),
(867, 'ASMI/144/2010-2011', '75', 6, '5', 650.00, 3900.00, '47MM/300ML', 'B-40', ''),
(868, 'ASMI/145/2010-2011', '389', 40, '4', 40.00, 1600.00, '35ML', 'G-0 (35ML)', ''),
(869, 'ASMI/145/2010-2011', '34', 50, '4', 160.00, 8000.00, '200ML', 'G-3 (200ML)', ''),
(870, 'ASMI/145/2010-2011', '44', 10, '4', 900.00, 9000.00, '1000ML', 'G-3 (1000ML)', ''),
(871, 'ASMI/145/2010-2011', '269', 75, '4', 50.00, 3750.00, 'S-29', '.', ''),
(872, 'ASMI/146/2010-2011', '60', 50, '4', 40.00, 2000.00, '50ML', 'G-4 (50ML)', ''),
(873, 'ASMI/146/2010-2011', '143', 25, '4', 50.00, 1250.00, '50MM', 'G-2 (50MM)', ''),
(874, 'ASMI/146/2010-2011', '144', 25, '4', 100.00, 2500.00, '60MM', 'G-2 (60MM)', ''),
(875, 'ASMI/146/2010-2011', '162', 30, '6', 50.00, 1500.00, 'S-19', '.', ''),
(876, 'ASMI/146/2010-2011', '163', 30, '6', 70.00, 2100.00, 'S-29', '.', ''),
(877, 'ASMI/146/2010-2011', '207', 30, '4', 40.00, 1200.00, 'S-19', '.', ''),
(878, 'ASMI/146/2010-2011', '269', 30, '4', 50.00, 1500.00, 'S-29', '.', ''),
(879, 'ASMI/1/2011-2012', '390', 20, '4', 450.00, 9000.00, '.', '.', '[size-1C;sl.no.11-15; size-2B;sl.no.11-15;size-2C;sl.no.11-15;size-3;sl.no.11-13,15,16]'),
(880, 'ASMI/1/2011-2012', '17', 1, '4', 40.00, 40.00, '35ML', 'G-3 (35ML)', ''),
(881, 'ASMI/1/2011-2012', '18', 1, '4', 40.00, 40.00, '35ML', 'G-4 (35ML)', ''),
(882, 'ASMI/1/2011-2012', '25', 1, '4', 70.00, 70.00, '80ML', 'G-3 (80ML)', ''),
(883, 'ASMI/1/2011-2012', '24', 1, '4', 70.00, 70.00, '80ML', 'G-4 (80ML)', ''),
(884, 'ASMI/1/2011-2012', '48', 1, '4', 20.00, 20.00, '15ML', 'G-2 (15MM)', ''),
(885, 'ASMI/1/2011-2012', '49', 1, '4', 20.00, 20.00, '15ML', 'G-3 (15ML)', ''),
(886, 'ASMI/1/2011-2012', '54', 1, '4', 25.00, 25.00, '30ML', 'G-3 (30ML)', ''),
(887, 'ASMI/1/2011-2012', '55', 1, '4', 25.00, 25.00, '30ML', 'G-4 (30ML)', ''),
(888, 'ASMI/1/2011-2012', '59', 1, '4', 40.00, 40.00, '50ML', 'G-3 (50ML)', ''),
(889, 'ASMI/1/2011-2012', '60', 1, '4', 40.00, 40.00, '50ML', 'G-4 (50ML)', ''),
(890, 'ASMI/1/2011-2012', '390', 20, '4', 450.00, 9000.00, '.', '.', '[size-1C;sl.no.11-15; size-2B;sl.no.11-15;size-2C;sl.no.11-15;size-3;sl.no.11-13,15,16]'),
(891, 'ASMI/1/2011-2012', '17', 1, '4', 40.00, 40.00, '35ML', 'G-3 (35ML)', ''),
(892, 'ASMI/1/2011-2012', '18', 1, '4', 40.00, 40.00, '35ML', 'G-4 (35ML)', ''),
(893, 'ASMI/1/2011-2012', '25', 1, '4', 70.00, 70.00, '80ML', 'G-3 (80ML)', ''),
(894, 'ASMI/1/2011-2012', '24', 1, '4', 70.00, 70.00, '80ML', 'G-4 (80ML)', ''),
(895, 'ASMI/1/2011-2012', '48', 1, '4', 20.00, 20.00, '15ML', 'G-2 (15MM)', ''),
(896, 'ASMI/1/2011-2012', '49', 1, '4', 20.00, 20.00, '15ML', 'G-3 (15ML)', ''),
(897, 'ASMI/1/2011-2012', '54', 1, '4', 25.00, 25.00, '30ML', 'G-3 (30ML)', ''),
(898, 'ASMI/1/2011-2012', '55', 1, '4', 25.00, 25.00, '30ML', 'G-4 (30ML)', ''),
(899, 'ASMI/1/2011-2012', '59', 1, '4', 40.00, 40.00, '50ML', 'G-3 (50ML)', ''),
(900, 'ASMI/1/2011-2012', '60', 1, '4', 40.00, 40.00, '50ML', 'G-4 (50ML)', ''),
(901, 'ASMI/147/2010-2011', '390', 20, '4', 450.00, 9000.00, '.', '.', '[size-1C;sl.no.11-15; size-2B;sl.no.11-15;size-2C;sl.no.11-15;size-3;sl.no.11-13,15,16]'),
(902, 'ASMI/147/2010-2011', '17', 1, '4', 40.00, 40.00, '35ML', 'G-3 (35ML)', ''),
(903, 'ASMI/147/2010-2011', '18', 1, '4', 40.00, 40.00, '35ML', 'G-4 (35ML)', ''),
(904, 'ASMI/147/2010-2011', '25', 1, '4', 70.00, 70.00, '80ML', 'G-3 (80ML)', ''),
(905, 'ASMI/147/2010-2011', '24', 1, '4', 70.00, 70.00, '80ML', 'G-4 (80ML)', ''),
(906, 'ASMI/147/2010-2011', '48', 1, '4', 20.00, 20.00, '15ML', 'G-2 (15MM)', ''),
(907, 'ASMI/147/2010-2011', '49', 1, '4', 20.00, 20.00, '15ML', 'G-3 (15ML)', ''),
(908, 'ASMI/147/2010-2011', '54', 1, '4', 25.00, 25.00, '30ML', 'G-3 (30ML)', ''),
(909, 'ASMI/147/2010-2011', '55', 1, '4', 25.00, 25.00, '30ML', 'G-4 (30ML)', ''),
(910, 'ASMI/147/2010-2011', '59', 1, '4', 40.00, 40.00, '50ML', 'G-3 (50ML)', ''),
(911, 'ASMI/147/2010-2011', '60', 1, '4', 40.00, 40.00, '50ML', 'G-4 (50ML)', ''),
(912, 'ASMI/148/2010-2011', '75', 12, '5', 650.00, 7800.00, '47MM/300ML', 'B-40', ''),
(913, 'ASMI/148/2010-2011', '212', 1, '4', 150.00, 150.00, '47MM', '.', ''),
(914, 'ASMI/149/2010-2011', '75', 4, '5', 650.00, 2600.00, '47MM/300ML', 'B-40', ''),
(915, 'ASMI/149/2010-2011', '148', 10, '4', 150.00, 1500.00, '90MM', 'G-2 (90MM)', ''),
(916, 'ASMI/150/2010-2011', '75', 10, '5', 650.00, 6500.00, '47MM/300ML', 'B-40', ''),
(917, 'ASMI/151/2010-2011', '179', 25, '4', 30.00, 750.00, 'S-13', '.', ''),
(918, 'ASMI/151/2010-2011', '207', 36, '4', 40.00, 1440.00, 'S-19', '.', ''),
(919, 'ASMI/151/2010-2011', '269', 25, '4', 50.00, 1250.00, 'S-29', '.', ''),
(920, 'ASMI/151/2010-2011', '291', 25, '4', 60.00, 1500.00, 'S-35', '.', ''),
(925, 'ASMI/152/2010-2011', '60', 50, '4', 40.00, 2000.00, '50ML', 'G-4 (50ML)', 'MEDIUM WALL'),
(926, 'ASMI/152/2010-2011', '391', 3, '4', 550.00, 1650.00, '120 MM', 'G-2(120MM)', '');
INSERT INTO `sales_order_details` (`sales_order_detail_id`, `sales_order_id`, `item_id`, `item_qty`, `item_unit`, `item_rate`, `item_amount`, `capacity`, `category`, `item_decription`) VALUES
(930, 'ASMI/153/2010-2011', '385', 15, '4', 110.00, 1650.00, '.', '.', '[12mm/30mm; G-1]');

-- --------------------------------------------------------

--
-- Table structure for table `sales_return`
--

DROP TABLE IF EXISTS `sales_return`;
CREATE TABLE IF NOT EXISTS `sales_return` (
  `sales_return_id` bigint(20) NOT NULL AUTO_INCREMENT,
  `sales_return_no` varchar(255) NOT NULL,
  `sales_return_date` date NOT NULL DEFAULT '0000-00-00',
  `sales_return_amount` varchar(255) NOT NULL DEFAULT '',
  `party_id` varchar(20) NOT NULL,
  `invoice_no` varchar(20) NOT NULL,
  `sales_order_id` varchar(20) NOT NULL,
  `fin_year` int(4) NOT NULL,
  PRIMARY KEY (`sales_return_id`)
) ENGINE=MyISAM DEFAULT CHARSET=latin1 AUTO_INCREMENT=1 ;

--
-- Dumping data for table `sales_return`
--


-- --------------------------------------------------------

--
-- Table structure for table `sales_return_details`
--

DROP TABLE IF EXISTS `sales_return_details`;
CREATE TABLE IF NOT EXISTS `sales_return_details` (
  `sales_return_detail_id` bigint(20) NOT NULL AUTO_INCREMENT,
  `sales_return_id` varchar(20) NOT NULL,
  `item_id` varchar(20) NOT NULL,
  `item_qty` double NOT NULL DEFAULT '0',
  `item_unit` varchar(20) NOT NULL,
  `item_rate` double(10,2) NOT NULL,
  `item_amount` double(10,2) NOT NULL,
  PRIMARY KEY (`sales_return_detail_id`)
) ENGINE=MyISAM DEFAULT CHARSET=latin1 AUTO_INCREMENT=1 ;

--
-- Dumping data for table `sales_return_details`
--


-- --------------------------------------------------------

--
-- Table structure for table `transporter_master`
--

DROP TABLE IF EXISTS `transporter_master`;
CREATE TABLE IF NOT EXISTS `transporter_master` (
  `transporter_id` bigint(20) NOT NULL AUTO_INCREMENT,
  `transporter_name` varchar(255) NOT NULL DEFAULT '',
  PRIMARY KEY (`transporter_id`)
) ENGINE=MyISAM  DEFAULT CHARSET=latin1 AUTO_INCREMENT=8 ;

--
-- Dumping data for table `transporter_master`
--

INSERT INTO `transporter_master` (`transporter_id`, `transporter_name`) VALUES
(3, 'M/S GATI LTD'),
(4, 'THE PROFESSIONAL COURIER'),
(5, 'COUNTER DELIVERY'),
(7, 'DELIVERY AT THEIR WORKS');

-- --------------------------------------------------------

--
-- Table structure for table `unit_master`
--

DROP TABLE IF EXISTS `unit_master`;
CREATE TABLE IF NOT EXISTS `unit_master` (
  `unit_id` bigint(20) NOT NULL AUTO_INCREMENT,
  `unit_name` varchar(255) NOT NULL DEFAULT '',
  PRIMARY KEY (`unit_id`)
) ENGINE=MyISAM  DEFAULT CHARSET=latin1 AUTO_INCREMENT=11 ;

--
-- Dumping data for table `unit_master`
--

INSERT INTO `unit_master` (`unit_id`, `unit_name`) VALUES
(4, 'NO(S)'),
(5, 'SET(S)'),
(6, 'PAIR(S)'),
(7, 'KG(S)'),
(8, 'GM(S)'),
(9, 'LIT(S)');

-- --------------------------------------------------------

--
-- Table structure for table `user_master`
--

DROP TABLE IF EXISTS `user_master`;
CREATE TABLE IF NOT EXISTS `user_master` (
  `user_id` bigint(20) NOT NULL AUTO_INCREMENT,
  `user_name` varchar(255) NOT NULL DEFAULT '',
  `user_password` varchar(255) NOT NULL DEFAULT '',
  `user_type` enum('Admin','Operator','Super Admin') NOT NULL DEFAULT 'Admin',
  `status` enum('Active','Pending') NOT NULL DEFAULT 'Pending',
  PRIMARY KEY (`user_id`)
) ENGINE=MyISAM  DEFAULT CHARSET=latin1 AUTO_INCREMENT=4 ;

--
-- Dumping data for table `user_master`
--

INSERT INTO `user_master` (`user_id`, `user_name`, `user_password`, `user_type`, `status`) VALUES
(1, 'admin', 'admin', 'Admin', 'Active'),
(3, 'TAPATI', 'TAPATI', 'Operator', 'Active');
